date,high,low,open,close
9/12/16,610.92,609.67,609.67,610.92
9/13/16,610.92,608.82,610.92,608.82
9/14/16,610.38,608.82,608.82,610.38
9/15/16,610.38,609.11,610.38,609.11
9/16/16,610.19,609.11,609.11,610.19
9/19/16,610.19,608.66,610.19,608.66
9/20/16,608.66,598.88,608.66,598.88
9/21/16,598.88,597.42,598.88,597.42
9/22/16,597.42,594.08,597.42,594.08
9/23/16,598.98,594.08,594.08,598.98
9/26/16,605.96,598.98,598.98,605.96
9/27/16,605.96,605.67,605.96,605.67
9/28/16,605.67,603.85,605.67,603.85
9/29/16,609.39,603.85,603.85,609.39
9/30/16,611.85,609.39,609.39,611.85
10/3/16,611.85,609.62,611.85,609.62
10/4/16,609.62,607.18,609.62,607.18
10/5/16,612.08,607.18,607.18,612.08
10/6/16,617.21,612.08,612.08,617.21
10/7/16,617.54,617.21,617.21,617.54
10/10/16,617.54,614.77,617.54,614.77
10/11/16,635.01,614.77,614.77,635.01
10/12/16,635.96,635.01,635.01,635.96
10/13/16,635.96,634.02,635.96,634.02
10/14/16,638.97,634.02,634.02,638.97
10/17/16,638.97,636.29,638.97,636.29
10/18/16,636.29,629.25,636.29,629.25
10/19/16,629.25,627.72,629.25,627.72
10/20/16,631.92,627.72,627.72,631.92
10/21/16,651.39,631.92,631.92,651.39
10/24/16,655.31,651.39,651.39,655.31
10/25/16,655.31,651.45,655.31,651.45
10/26/16,682.22,651.45,651.45,682.22
10/27/16,687.68,682.22,682.22,687.68
10/28/16,702.0,687.68,687.68,702.0
10/31/16,702.0,697.01,702.0,697.01
11/1/16,733.33,697.01,697.01,733.33
11/2/16,733.33,686.17,733.33,686.17
11/3/16,686.17,683.69,686.17,683.69
11/4/16,709.96,683.69,683.69,709.96
11/7/16,709.96,708.97,709.96,708.97
11/8/16,720.93,708.97,708.97,720.93
11/9/16,721.5,720.93,720.93,721.5
11/10/16,721.5,715.45,721.5,715.45
11/11/16,715.45,706.46,715.45,706.46
11/14/16,710.91,706.46,706.46,710.91
11/15/16,711.73,710.91,710.91,711.73
11/16/16,736.96,711.73,711.73,736.96
11/17/16,747.52,736.96,736.96,747.52
11/18/16,747.52,738.53,747.52,738.53
11/21/16,738.53,736.97,738.53,736.97
11/22/16,741.63,736.97,736.97,741.63
11/23/16,741.63,737.45,741.63,737.45
11/24/16,737.45,735.64,737.45,735.64
11/25/16,735.64,727.31,735.64,727.31
11/28/16,732.71,727.31,727.31,732.71
11/29/16,742.69,732.71,732.71,742.69
11/30/16,742.69,742.05,742.69,742.05
12/1/16,772.43,742.05,742.05,772.43
12/2/16,772.43,754.63,772.43,754.63
12/5/16,756.62,754.63,754.63,756.62
12/6/16,758.99,756.62,756.62,758.99
12/7/16,769.72,758.99,758.99,769.72
12/8/16,770.02,769.72,769.72,770.02
12/9/16,777.0,770.02,770.02,777.0
12/12/16,777.99,777.0,777.0,777.99
12/13/16,777.99,774.89,777.99,774.89
12/14/16,776.75,774.89,774.89,776.75
12/15/16,776.75,775.88,776.75,775.88
12/16/16,788.67,775.88,775.88,788.67
12/19/16,793.09,788.67,788.67,793.09
12/20/16,824.21,793.09,793.09,824.21
12/21/16,834.97,824.21,824.21,834.97
12/22/16,901.31,834.97,834.97,901.31
12/23/16,930.34,901.31,901.31,930.34
12/28/16,963.38,930.34,930.34,963.38
12/29/16,963.38,952.15,963.38,952.15
12/30/16,1013.42,952.15,952.15,1013.42
1/3/17,1126.76,1013.42,1013.42,1126.76
1/4/17,1126.76,994.67,1126.76,994.67
1/5/17,999.65,994.67,994.67,999.65
1/6/17,999.65,910.49,999.65,910.49
1/9/17,910.49,906.05,910.49,906.05
1/10/17,906.05,785.22,906.05,785.22
1/11/17,785.22,780.92,785.22,780.92
1/12/17,826.29,780.92,780.92,826.29
1/13/17,830.5,826.29,826.29,830.5
1/16/17,903.84,830.5,830.5,903.84
1/17/17,906.6,903.84,903.84,906.6
1/18/17,906.6,895.798875,906.6,895.798875
1/19/17,895.798875,893.6210875,895.798875,893.6210875
1/20/17,922.0736125,893.6210875,893.6210875,922.0736125
1/23/17,922.0736125,919.97,922.0736125,919.97
1/24/17,919.97,893.045625,919.97,893.045625
1/25/17,915.95625,893.045625,893.045625,915.95625
1/26/17,915.95625,915.05,915.95625,915.05
1/27/17,915.05,912.19,915.05,912.19
1/30/17,964.706075,912.19,912.19,964.706075
1/31/17,979.703875,964.706075,964.706075,979.703875
2/1/17,983.42,979.703875,979.703875,983.42
2/2/17,1013.0269999999999,983.42,983.42,1013.0269999999999
2/3/17,1024.01375,1013.0269999999999,1013.0269999999999,1024.01375
2/6/17,1050.11,1024.01375,1024.01375,1050.11
2/7/17,1052.84,1050.11,1050.11,1052.84
2/8/17,1052.84,976.1030000000001,1052.84,976.1030000000001
2/9/17,999.1035,976.1030000000001,976.1030000000001,999.1035
2/10/17,999.877375,999.1035,999.1035,999.877375
2/13/17,1001.2,999.877375,999.877375,1001.2
2/14/17,1012.325988,1001.2,1001.2,1012.325988
2/15/17,1035.208125,1012.325988,1012.325988,1035.208125
2/16/17,1035.208125,1035.2,1035.208125,1035.2
2/17/17,1050.87,1035.2,1035.2,1050.87
2/20/17,1123.788429,1050.87,1050.87,1123.788429
2/21/17,1123.788429,1123.2231880000002,1123.788429,1123.2231880000002
2/22/17,1130.01,1123.2231880000002,1123.2231880000002,1130.01
2/23/17,1174.86625,1130.01,1130.01,1174.86625
2/24/17,1190.75195,1174.86625,1174.86625,1190.75195
2/27/17,1190.75195,1187.565286,1190.75195,1187.565286
2/28/17,1190.89,1187.565286,1187.565286,1190.89
3/1/17,1259.410817,1190.89,1190.89,1259.410817
3/2/17,1285.14,1259.410817,1259.410817,1285.14
3/3/17,1285.14,1275.197375,1285.14,1275.197375
3/6/17,1279.5,1275.197375,1275.197375,1279.5
3/7/17,1279.5,1157.3933,1279.5,1157.3933
3/8/17,1192.469143,1157.3933,1157.3933,1192.469143
3/9/17,1192.469143,1192.09,1192.469143,1192.09
3/10/17,1227.68,1192.09,1192.09,1227.68
3/13/17,1245.370786,1227.68,1227.68,1245.370786
3/14/17,1257.399625,1245.370786,1245.370786,1257.399625
3/15/17,1257.399625,1257.0,1257.399625,1257.0
3/16/17,1257.0,1091.171888,1257.0,1091.171888
3/17/17,1091.171888,1049.0844880000002,1091.171888,1049.0844880000002
3/20/17,1118.630043,1049.0844880000002,1049.0844880000002,1118.630043
3/21/17,1118.630043,1113.0,1118.630043,1113.0
3/22/17,1113.0,1038.789,1113.0,1038.789
3/23/17,1038.789,941.9197142999999,1038.789,941.9197142999999
3/24/17,1037.22925,941.9197142999999,941.9197142999999,1037.22925
3/27/17,1041.04,1037.22925,1037.22925,1041.04
3/28/17,1041.04,1040.5755,1041.04,1040.5755
3/29/17,1040.5755,1037.90455,1040.5755,1037.90455
3/30/17,1037.90455,1034.74,1037.90455,1034.74
3/31/17,1079.99,1034.74,1034.74,1079.99
4/3/17,1141.600363,1079.99,1079.99,1141.600363
4/4/17,1141.600363,1133.079314,1141.600363,1133.079314
4/5/17,1133.53,1133.079314,1133.079314,1133.53
4/6/17,1190.45425,1133.53,1133.53,1190.45425
4/7/17,1207.744875,1190.45425,1190.45425,1207.744875
4/10/17,1226.617038,1207.744875,1207.744875,1226.617038
4/11/17,1226.617038,1219.09,1226.617038,1219.09
4/12/17,1219.09,1180.023713,1219.09,1180.023713
4/13/17,1180.023713,1176.97,1180.023713,1176.97
4/18/17,1217.930088,1176.97,1176.97,1217.930088
4/19/17,1241.686325,1217.930088,1217.930088,1241.686325
4/20/17,1241.686325,1236.63,1241.686325,1236.63
4/21/17,1240.84,1236.63,1236.63,1240.84
4/24/17,1279.414688,1240.84,1240.84,1279.414688
4/25/17,1309.109875,1279.414688,1279.414688,1309.109875
4/26/17,1309.109875,1288.02,1309.109875,1288.02
4/27/17,1331.2944289999998,1288.02,1288.02,1331.2944289999998
4/28/17,1452.076288,1331.2944289999998,1331.2944289999998,1452.076288
5/2/17,1452.076288,1447.55,1452.076288,1447.55
5/3/17,1508.292125,1447.55,1447.55,1508.292125
5/4/17,1533.3350710000002,1508.292125,1508.292125,1533.3350710000002
5/5/17,1640.619225,1533.3350710000002,1533.3350710000002,1640.619225
5/8/17,1651.1,1640.619225,1640.619225,1651.1
5/9/17,1762.88625,1651.1,1651.1,1762.88625
5/10/17,1820.9905629999998,1762.88625,1762.88625,1820.9905629999998
5/11/17,1829.0,1820.9905629999998,1820.9905629999998,1829.0
5/12/17,1829.0,1780.0,1829.0,1780.0
5/15/17,1780.0,1739.031975,1780.0,1739.031975
5/16/17,1807.4850629999999,1739.031975,1739.031975,1807.4850629999999
5/17/17,1807.4850629999999,1783.98,1807.4850629999999,1783.98
5/18/17,1961.520488,1783.98,1783.98,1961.520488
5/19/17,2090.662313,1961.520488,1961.520488,2090.662313
5/22/17,2287.7102879999998,2090.662313,2090.662313,2287.7102879999998
5/23/17,2287.7102879999998,2256.32,2287.7102879999998,2256.32
5/24/17,2387.206286,2256.32,2256.32,2387.206286
5/25/17,2387.206286,2211.976857,2387.206286,2211.976857
5/26/17,2290.02,2211.976857,2211.976857,2290.02
5/30/17,2290.02,2285.933914,2290.02,2285.933914
5/31/17,2399.242671,2285.933914,2285.933914,2399.242671
6/1/17,2409.93,2399.242671,2399.242671,2409.93
6/2/17,2529.53,2409.93,2409.93,2529.53
6/5/17,2883.313697,2529.53,2529.53,2883.313697
6/6/17,2883.313697,2664.920863,2883.313697,2664.920863
6/7/17,2683.03,2664.920863,2664.920863,2683.03
6/8/17,2827.4913,2683.03,2683.03,2827.4913
6/9/17,2827.4913,2657.6750629999997,2827.4913,2657.6750629999997
6/12/17,2748.185086,2657.6750629999997,2657.6750629999997,2748.185086
6/13/17,2748.185086,2706.0,2748.185086,2706.0
6/14/17,2706.0,2442.48025,2706.0,2442.48025
6/15/17,2464.9598140000003,2442.48025,2442.48025,2464.9598140000003
6/16/17,2617.210263,2464.9598140000003,2464.9598140000003,2617.210263
6/19/17,2617.210263,2600.0,2617.210263,2600.0
6/20/17,2671.04325,2600.0,2600.0,2671.04325
6/21/17,2727.288013,2671.04325,2671.04325,2727.288013
6/22/17,2727.288013,2713.48,2727.288013,2713.48
6/23/17,2713.48,2502.03,2713.48,2502.03
6/26/17,2517.903114,2502.03,2502.03,2517.903114
6/27/17,2585.349186,2517.903114,2517.903114,2585.349186
6/28/17,2585.349186,2558.3,2585.349186,2558.3
6/29/17,2558.3,2477.641375,2558.3,2477.641375
6/30/17,2561.225429,2477.641375,2477.641375,2561.225429
7/3/17,2599.7298379999997,2561.225429,2561.225429,2599.7298379999997
7/4/17,2599.7298379999997,2598.89,2599.7298379999997,2598.89
7/5/17,2609.96775,2598.89,2598.89,2609.96775
7/6/17,2609.96775,2491.201214,2609.96775,2491.201214
7/7/17,2491.201214,2366.170143,2491.201214,2366.170143
7/10/17,2366.170143,2327.09,2366.170143,2327.09
7/11/17,2385.748571,2327.09,2327.09,2385.748571
7/12/17,2385.748571,2354.783417,2385.748571,2354.783417
7/13/17,2354.783417,2338.49,2354.783417,2338.49
7/14/17,2338.49,1910.96,2338.49,1910.96
7/17/17,2320.12225,1910.96,1910.96,2320.12225
7/18/17,2320.12225,2264.7657,2320.12225,2264.7657
7/19/17,2265.21,2264.7657,2264.7657,2265.21
7/20/17,2682.195363,2265.21,2265.21,2682.195363
7/21/17,2751.8210289999997,2682.195363,2682.195363,2751.8210289999997
7/24/17,2751.8210289999997,2560.997917,2751.8210289999997,2560.997917
7/25/17,2564.3,2560.997917,2560.997917,2564.3
7/26/17,2647.625,2564.3,2564.3,2647.625
7/27/17,2781.636583,2647.625,2647.625,2781.636583
7/28/17,2866.4316670000003,2781.636583,2781.636583,2866.4316670000003
7/31/17,2866.4316670000003,2862.9,2866.4316670000003,2862.9
8/1/17,2862.9,2693.6339829999997,2862.9,2693.6339829999997
8/2/17,2794.117717,2693.6339829999997,2693.6339829999997,2794.117717
8/3/17,2794.117717,2790.0,2794.117717,2790.0
8/4/17,3210.2,2790.0,2790.0,3210.2
8/7/17,3457.3743329999998,3210.2,3210.2,3457.3743329999998
8/8/17,3457.3743329999998,3357.326317,3457.3743329999998,3357.326317
8/9/17,3357.326317,3340.28,3357.326317,3340.28
8/10/17,3632.506667,3340.28,3340.28,3632.506667
8/11/17,4282.992,3632.506667,3632.506667,4282.992
8/14/17,4282.992,4217.028329,4282.992,4217.028329
8/15/17,4217.028329,4179.97,4217.028329,4179.97
8/16/17,4328.725717,4179.97,4179.97,4328.725717
8/17/17,4328.725717,4130.440067,4328.725717,4130.440067
8/18/17,4130.440067,4043.722,4130.440067,4043.722
8/21/17,4043.722,3986.28,4043.722,3986.28
8/22/17,4174.95,3986.28,3986.28,4174.95
8/23/17,4340.316717000001,4174.95,4174.95,4340.316717000001
8/24/17,4340.316717000001,4331.77,4340.316717000001,4331.77
8/25/17,4607.98545,4331.77,4331.77,4607.98545
8/29/17,4607.98545,4594.98785,4607.98545,4594.98785
8/30/17,4594.98785,4582.52,4594.98785,4582.52
8/31/17,4911.740017,4582.52,4582.52,4911.740017
9/1/17,4911.740017,4344.098317,4911.740017,4344.098317
9/4/17,4488.720139999999,4344.098317,4344.098317,4488.720139999999
9/5/17,4488.720139999999,4385.02,4488.720139999999,4385.02
9/6/17,4654.6585,4385.02,4385.02,4654.6585
9/7/17,4654.6585,4310.750183,4654.6585,4310.750183
9/8/17,4310.750183,4248.090017,4310.750183,4248.090017
9/11/17,4248.090017,4198.59,4248.090017,4198.59
9/12/17,4198.59,3961.271267,4198.59,3961.271267
9/13/17,3961.271267,3319.63,3961.271267,3319.63
9/14/17,3319.63,3216.43,3319.63,3216.43
9/15/17,3678.53,3216.43,3216.43,3678.53
9/18/17,3943.413333,3678.53,3678.53,3943.413333
9/19/17,3977.5616670000004,3943.413333,3943.413333,3977.5616670000004
9/20/17,3977.5616670000004,3894.48,3977.5616670000004,3894.48
9/21/17,3894.48,3637.50255,3894.48,3637.50255
9/22/17,3942.555,3637.50255,3637.50255,3942.555
9/25/17,3942.555,3910.307383,3942.555,3910.307383
9/26/17,3910.307383,3881.0,3910.307383,3881.0
9/27/17,4201.98905,3881.0,3881.0,4201.98905
9/28/17,4201.98905,4193.574667,4201.98905,4193.574667
9/29/17,4386.88375,4193.574667,4193.574667,4386.88375
10/2/17,4394.07,4386.88375,4386.88375,4394.07
10/3/17,4394.07,4225.175,4394.07,4225.175
10/4/17,4338.852,4225.175,4225.175,4338.852
10/5/17,4338.852,4318.58,4338.852,4318.58
10/6/17,4605.66,4318.58,4318.58,4605.66
10/9/17,4782.28,4605.66,4605.66,4782.28
10/10/17,4819.485767,4782.28,4782.28,4819.485767
10/11/17,4822.17,4819.485767,4819.485767,4822.17
10/12/17,5563.8065670000005,4822.17,4822.17,5563.8065670000005
10/13/17,5711.205867000001,5563.8065670000005,5563.8065670000005,5711.205867000001
10/16/17,5711.205867000001,5603.712939999999,5711.205867000001,5603.712939999999
10/17/17,5603.712939999999,5594.66,5603.712939999999,5594.66
10/18/17,5727.6335,5594.66,5594.66,5727.6335
10/19/17,5979.4598399999995,5727.6335,5727.6335,5979.4598399999995
10/20/17,5979.4598399999995,5876.079867,5979.4598399999995,5876.079867
10/23/17,5900.59,5876.079867,5876.079867,5900.59
10/24/17,5900.59,5669.622533,5900.59,5669.622533
10/25/17,5893.138417,5669.622533,5669.622533,5893.138417
10/26/17,5893.138417,5889.82,5893.138417,5889.82
10/27/17,6136.49,5889.82,5889.82,6136.49
10/30/17,6388.645167000001,6136.49,6136.49,6388.645167000001
10/31/17,6665.306683,6388.645167000001,6388.645167000001,6665.306683
11/1/17,6751.98,6665.306683,6665.306683,6751.98
11/2/17,7197.72006,6751.98,6751.98,7197.72006
11/3/17,7197.72006,6989.071667,7197.72006,6989.071667
11/6/17,7092.127233,6989.071667,6989.071667,7092.127233
11/7/17,7128.64,7092.127233,7092.127233,7128.64
11/8/17,7158.03706,7128.64,7128.64,7158.03706
11/9/17,7158.03706,6719.39785,7158.03706,6719.39785
11/10/17,6719.39785,6550.227533,6719.39785,6550.227533
11/13/17,6550.227533,6493.63,6550.227533,6493.63
11/14/17,7301.4299200000005,6493.63,6493.63,7301.4299200000005
11/15/17,7815.0307,7301.4299200000005,7301.4299200000005,7815.0307
11/16/17,7868.77,7815.0307,7815.0307,7868.77
11/17/17,8049.72,7868.77,7868.77,8049.72
11/20/17,8059.8,8049.72,8049.72,8059.8
11/21/17,8268.035,8059.8,8059.8,8268.035
11/22/17,8268.035,8236.72,8268.035,8236.72
11/23/17,8250.978333,8236.72,8236.72,8250.978333
11/24/17,9718.29505,8250.978333,8250.978333,9718.29505
11/27/17,9952.508820000001,9718.29505,9718.29505,9952.508820000001
11/28/17,9952.508820000001,9919.0,9952.508820000001,9919.0
11/29/17,10147.372,9919.0,9919.0,10147.372
11/30/17,10883.912,10147.372,10147.372,10883.912
12/1/17,11584.83,10883.912,10883.912,11584.83
12/4/17,11591.22,11584.83,11584.83,11591.22
12/5/17,13540.98,11591.22,11591.22,13540.98
12/6/17,16501.97167,13540.98,13540.98,16501.97167
12/7/17,16860.88,16501.97167,16501.97167,16860.88
12/8/17,16860.88,15068.95,16860.88,15068.95
12/11/17,17276.393330000003,15068.95,15068.95,17276.393330000003
12/12/17,17276.393330000003,16808.36667,17276.393330000003,16808.36667
12/13/17,16808.36667,16252.31,16808.36667,16252.31
12/14/17,17771.9,16252.31,16252.31,17771.9
12/15/17,18961.856669999997,17771.9,17771.9,18961.856669999997
12/18/17,18961.856669999997,17737.11167,18961.856669999997,17737.11167
12/19/17,17737.11167,17382.94,17737.11167,17382.94
12/20/17,17382.94,16047.51,17382.94,16047.51
12/21/17,16047.51,15190.945,16047.51,15190.945
12/22/17,15589.32167,15190.945,15190.945,15589.32167
12/27/17,15589.32167,14380.58167,15589.32167,14380.58167
12/28/17,14380.58167,14214.01,14380.58167,14214.01
12/29/17,15005.85667,14214.01,14214.01,15005.85667
1/2/18,15053.261669999998,15005.85667,15005.85667,15053.261669999998
1/3/18,15053.261669999998,15039.24,15053.261669999998,15039.24
1/4/18,17174.12,15039.24,15039.24,17174.12
1/5/18,17174.12,15265.906669999998,17174.12,15265.906669999998
1/8/18,15265.906669999998,14714.253330000001,15265.906669999998,14714.253330000001
1/9/18,14714.253330000001,14437.42,14714.253330000001,14437.42
1/10/18,14437.42,13296.794,14437.42,13296.794
1/11/18,13912.882,13296.794,13296.794,13912.882
1/12/18,14012.196000000002,13912.882,13912.882,14012.196000000002
1/15/18,14012.196000000002,13554.14,14012.196000000002,13554.14
1/16/18,13554.14,11116.946670000001,13554.14,11116.946670000001
1/17/18,11345.42333,11116.946670000001,11116.946670000001,11345.42333
1/18/18,11345.42333,11174.82,11345.42333,11174.82
1/19/18,11513.42,11174.82,11174.82,11513.42
1/22/18,11513.42,11223.063999999998,11513.42,11223.063999999998
1/23/18,11282.25833,11223.063999999998,11223.063999999998,11282.25833
1/24/18,11392.03,11282.25833,11282.25833,11392.03
1/25/18,11392.03,10969.815,11392.03,10969.815
1/26/18,11212.655,10969.815,10969.815,11212.655
1/29/18,11212.655,10184.061670000001,11212.655,10184.061670000001
1/30/18,10184.061670000001,10082.52,10184.061670000001,10082.52
1/31/18,10082.52,9083.258333,10082.52,9083.258333
2/1/18,9083.258333,8901.901667,9083.258333,8901.901667
2/2/18,8901.901667,6838.816667,8901.901667,6838.816667
2/5/18,6925.46,6838.816667,6838.816667,6925.46
2/6/18,8099.958333,6925.46,6925.46,8099.958333
2/7/18,8240.536667,8099.958333,8099.958333,8240.536667
2/8/18,8245.08,8240.536667,8240.536667,8245.08
2/9/18,8245.08,8068.02,8245.08,8068.02
2/12/18,8597.7675,8068.02,8068.02,8597.7675
2/13/18,9334.633333,8597.7675,8597.7675,9334.633333
2/14/18,9471.64,9334.633333,9334.633333,9471.64
2/15/18,10127.16167,9471.64,9471.64,10127.16167
2/16/18,11110.965,10127.16167,10127.16167,11110.965
2/19/18,11390.39167,11110.965,11110.965,11390.39167
2/20/18,11390.39167,11245.98,11390.39167,11245.98
2/21/18,11245.98,9931.071667,11245.98,9931.071667
2/22/18,10162.11667,9931.071667,9931.071667,10162.11667
2/23/18,10348.60333,10162.11667,10162.11667,10348.60333
2/26/18,10348.60333,10319.46,10348.60333,10319.46
2/27/18,10370.165,10319.46,10319.46,10370.165
2/28/18,11009.38167,10370.165,10370.165,11009.38167
3/1/18,11009.38167,10931.12,11009.38167,10931.12
3/2/18,11516.83,10931.12,10931.12,11516.83
3/5/18,11516.83,10763.19833,11516.83,10763.19833
3/6/18,10763.19833,10118.058,10763.19833,10118.058
3/7/18,10118.058,9920.46,10118.058,9920.46
3/8/18,9920.46,9089.278333,9920.46,9089.278333
3/9/18,9182.843333,9089.278333,9089.278333,9182.843333
3/12/18,9182.843333,9154.7,9182.843333,9154.7
3/13/18,9154.7,9153.54,9154.7,9153.54
3/14/18,9153.54,8358.121667,9153.54,8358.121667
3/15/18,8530.402,8358.121667,8358.121667,8530.402
3/16/18,8530.402,8412.033333,8530.402,8412.033333
3/19/18,8605.64,8412.033333,8412.033333,8605.64
3/20/18,8947.753333,8605.64,8605.64,8947.753333
3/21/18,8947.753333,8690.408333,8947.753333,8690.408333
3/22/18,8725.37,8690.408333,8690.408333,8725.37
3/23/18,8725.37,8457.96,8725.37,8457.96
3/26/18,8457.96,7876.195,8457.96,7876.195
3/27/18,7960.38,7876.195,7876.195,7960.38
3/28/18,7960.38,7950.61,7960.38,7950.61
3/29/18,7950.61,7410.435,7950.61,7410.435
4/3/18,7426.48,7410.435,7410.435,7426.48
4/4/18,7426.48,6826.51,7426.48,6826.51
4/5/18,6826.51,6603.876667,6826.51,6603.876667
4/6/18,6699.273333,6603.876667,6603.876667,6699.273333
4/9/18,6784.41,6699.273333,6699.273333,6784.41
4/10/18,6926.266667,6784.41,6784.41,6926.266667
4/11/18,7847.845,6926.266667,6926.266667,7847.845
4/12/18,7941.46,7847.845,7847.845,7941.46
4/13/18,8368.1,7941.46,7941.46,8368.1
4/16/18,8368.1,7895.416926000001,8368.1,7895.416926000001
4/17/18,8164.937426,7895.416926000001,7895.416926000001,8164.937426
4/18/18,8175.96,8164.937426,8164.937426,8175.96
4/19/18,8852.718333,8175.96,8175.96,8852.718333
4/20/18,8933.861667000001,8852.718333,8852.718333,8933.861667000001
4/23/18,9555.542,8933.861667000001,8933.861667000001,9555.542
4/24/18,9658.11,9555.542,9555.542,9658.11
4/25/18,9658.11,9258.398333,9658.11,9258.398333
4/26/18,9258.398333,9010.32,9258.398333,9010.32
4/27/18,9259.57,9010.32,9010.32,9259.57
4/30/18,9259.57,9239.55,9259.57,9239.55
5/1/18,9239.55,9221.426,9239.55,9221.426
5/2/18,9639.268333,9221.426,9221.426,9639.268333
5/3/18,9753.35,9639.268333,9639.268333,9753.35
5/4/18,9753.35,9228.608333,9753.35,9228.608333
5/8/18,9322.041667,9228.608333,9228.608333,9322.041667
5/9/18,9322.041667,9310.37,9322.041667,9310.37
5/10/18,9310.37,8468.788,9310.37,8468.788
5/11/18,8652.038333,8468.788,8468.788,8652.038333
5/14/18,8652.038333,8511.458,8652.038333,8511.458
5/15/18,8511.458,8471.06,8511.458,8471.06
5/16/18,8471.06,8106.118332999999,8471.06,8106.118332999999
5/17/18,8240.055,8106.118332999999,8106.118332999999,8240.055
5/18/18,8385.556187,8240.055,8240.055,8385.556187
5/21/18,8396.63,8385.556187,8385.556187,8396.63
5/22/18,8396.63,7555.74,8396.63,7555.74
5/23/18,7566.193333,7555.74,7555.74,7566.193333
5/24/18,7576.78,7566.193333,7566.193333,7576.78
5/25/18,7576.78,7459.876667,7576.78,7459.876667
5/29/18,7459.876667,7385.395,7459.876667,7385.395
5/30/18,7386.72,7385.395,7385.395,7386.72
5/31/18,7535.146667,7386.72,7386.72,7535.146667
6/1/18,7535.146667,7500.273333,7535.146667,7500.273333
6/4/18,7615.7221420000005,7500.273333,7500.273333,7615.7221420000005
6/5/18,7619.43,7615.7221420000005,7615.7221420000005,7619.43
6/6/18,7676.271667,7619.43,7619.43,7676.271667
6/7/18,7676.271667,7620.153333,7676.271667,7620.153333
6/8/18,7620.153333,6875.678333,7620.153333,6875.678333
6/11/18,6879.31,6875.678333,6875.678333,6879.31
6/12/18,6879.31,6315.7,6879.31,6315.7
6/13/18,6647.013333,6315.7,6315.7,6647.013333
6/14/18,6647.013333,6637.41,6647.013333,6637.41
6/15/18,6637.41,6445.79,6637.41,6445.79
6/18/18,6737.0,6445.79,6445.79,6737.0
6/19/18,6737.0,6714.718333,6737.0,6714.718333
6/20/18,6760.83,6714.718333,6714.718333,6760.83
6/21/18,6760.83,6332.573333,6760.83,6332.573333
6/22/18,6332.573333,6211.4475,6332.573333,6211.4475
6/25/18,6218.595,6211.4475,6211.4475,6218.595
6/26/18,6218.595,6097.46,6218.595,6097.46
6/27/18,6107.896154,6097.46,6097.46,6107.896154
6/28/18,6107.896154,5908.7025,6107.896154,5908.7025
6/29/18,6466.069167000001,5908.7025,5908.7025,6466.069167000001
7/2/18,6626.44,6466.069167000001,6466.069167000001,6626.44
7/3/18,6626.44,6593.289167,6626.44,6593.289167
7/4/18,6603.376667,6593.289167,6593.289167,6603.376667
7/5/18,6603.376667,6555.51,6603.376667,6555.51
7/6/18,6724.04,6555.51,6555.51,6724.04
7/9/18,6724.04,6510.791667,6724.04,6510.791667
7/10/18,6510.791667,6377.363333,6510.791667,6377.363333
7/11/18,6403.18,6377.363333,6377.363333,6403.18
7/12/18,6403.18,6244.3575,6403.18,6244.3575
7/13/18,6514.3908329999995,6244.3575,6244.3575,6514.3908329999995
7/16/18,6869.910833,6514.3908329999995,6514.3908329999995,6869.910833
7/17/18,7321.62,6869.910833,6869.910833,7321.62
7/18/18,7396.401667,7321.62,7321.62,7396.401667
7/19/18,7428.045,7396.401667,7396.401667,7428.045
7/20/18,7689.884167,7428.045,7428.045,7689.884167
7/23/18,7715.1,7689.884167,7689.884167,7715.1
7/24/18,8251.165,7715.1,7715.1,8251.165
7/25/18,8251.165,8187.324167,8251.165,8187.324167
7/26/18,8187.324167,7939.81,8187.324167,7939.81
7/27/18,8220.91,7939.81,7939.81,8220.91
7/30/18,8220.91,7916.800833,8220.91,7916.800833
7/31/18,7916.800833,7570.869167,7916.800833,7570.869167
8/1/18,7607.7,7570.869167,7570.869167,7607.7
8/2/18,7607.7,7394.499167,7607.7,7394.499167
8/3/18,7394.499167,6988.079167,7394.499167,6988.079167
8/6/18,6993.513333,6988.079167,6988.079167,6993.513333
8/7/18,6993.513333,6718.23,6993.513333,6718.23
8/8/18,6718.23,6396.7725,6718.23,6396.7725
8/9/18,6396.7725,6396.494667,6396.7725,6396.494667
8/10/18,6396.494667,6347.07,6396.494667,6347.07
8/13/18,6347.07,6252.13,6347.07,6252.13
8/14/18,6362.676923,6252.13,6252.13,6362.676923
8/15/18,6362.676923,6342.629231,6362.676923,6342.629231
8/16/18,6342.629231,6312.75,6342.629231,6312.75
8/17/18,6486.58,6312.75,6312.75,6486.58
8/20/18,6486.58,6401.2461539999995,6486.58,6401.2461539999995
8/21/18,6575.229167,6401.2461539999995,6401.2461539999995,6575.229167
8/22/18,6575.229167,6354.57,6575.229167,6354.57
8/23/18,6543.645714,6354.57,6354.57,6543.645714
8/24/18,7000.04,6543.645714,6543.645714,7000.04
8/28/18,7078.19,7000.04,7000.04,7078.19
8/29/18,7078.19,6932.6625,7078.19,6932.6625
8/30/18,6981.946154,6932.6625,6932.6625,6981.946154
8/31/18,7260.9492310000005,6981.946154,6981.946154,7260.9492310000005
9/3/18,7265.08,7260.9492310000005,7260.9492310000005,7265.08
9/4/18,7265.08,7113.069231,7265.08,7113.069231
9/5/18,7113.069231,6433.271667,7113.069231,6433.271667
9/6/18,6501.19,6433.271667,6433.271667,6501.19
9/7/18,6501.19,6240.98,6501.19,6240.98
9/10/18,6296.320833,6240.98,6240.98,6296.320833
9/11/18,6296.320833,6273.1375,6296.320833,6273.1375
9/12/18,6326.04,6273.1375,6273.1375,6326.04
9/13/18,6499.0625,6326.04,6326.04,6499.0625
9/14/18,6499.0625,6400.6008329999995,6499.0625,6400.6008329999995
9/17/18,6400.6008329999995,6296.631667000001,6400.6008329999995,6296.631667000001
9/18/18,6342.39,6296.631667000001,6296.631667000001,6342.39
9/19/18,6418.562667,6342.39,6342.39,6418.562667
9/20/18,6669.990833,6418.562667,6418.562667,6669.990833
9/21/18,6669.990833,6639.304167,6669.990833,6639.304167
9/24/18,6639.304167,6583.45,6639.304167,6583.45
9/25/18,6583.45,6468.631667000001,6583.45,6468.631667000001
9/26/18,6535.476667,6468.631667000001,6468.631667000001,6535.476667
9/27/18,6686.08,6535.476667,6535.476667,6686.08
9/28/18,6686.08,6611.02,6686.08,6611.02
10/1/18,6611.02,6562.641667,6611.02,6562.641667
10/2/18,6562.641667,6470.4025,6562.641667,6470.4025
10/3/18,6483.73,6470.4025,6470.4025,6483.73
10/4/18,6568.549167,6483.73,6483.73,6568.549167
10/5/18,6618.5676920000005,6568.549167,6568.549167,6618.5676920000005
10/8/18,6621.7116670000005,6618.5676920000005,6618.5676920000005,6621.7116670000005
10/9/18,6626.85,6621.7116670000005,6621.7116670000005,6626.85
10/10/18,6626.85,6248.635833,6626.85,6248.635833
10/11/18,6260.530833,6248.635833,6248.635833,6260.530833
10/12/18,6452.571667,6260.530833,6260.530833,6452.571667
10/15/18,6599.17,6452.571667,6452.571667,6599.17
10/16/18,6599.17,6596.276154,6599.17,6596.276154
10/17/18,6596.276154,6568.040769,6596.276154,6568.040769
10/18/18,6568.040769,6509.61,6568.040769,6509.61
10/19/18,6509.61,6504.78,6509.61,6504.78
10/22/18,6504.78,6481.4259999999995,6504.78,6481.4259999999995
10/23/18,6508.31,6481.4259999999995,6481.4259999999995,6508.31
10/24/18,6508.31,6489.77,6508.31,6489.77
10/25/18,6489.77,6473.753333,6489.77,6473.753333
10/26/18,6473.753333,6382.668333,6473.753333,6382.668333
10/29/18,6382.668333,6309.452857,6382.668333,6309.452857
10/30/18,6309.452857,6301.61,6309.452857,6301.61
10/31/18,6342.280833,6301.61,6301.61,6342.280833
11/1/18,6387.674167,6342.280833,6342.280833,6387.674167
11/2/18,6436.965,6387.674167,6387.674167,6436.965
11/5/18,6437.76,6436.965,6436.965,6437.76
11/6/18,6538.79,6437.76,6437.76,6538.79
11/7/18,6538.79,6486.251667,6538.79,6486.251667
11/8/18,6486.251667,6444.97,6486.251667,6444.97
11/9/18,6444.97,6408.53,6444.97,6408.53
11/12/18,6408.53,6372.063333,6408.53,6372.063333
11/13/18,6372.063333,6176.155,6372.063333,6176.155
11/14/18,6176.155,5756.77,6176.155,5756.77
11/15/18,5756.77,5596.1925,5756.77,5596.1925
11/16/18,5596.1925,5303.9425,5596.1925,5303.9425
11/19/18,5303.9425,4671.97,5303.9425,4671.97
11/20/18,4671.97,4491.98,4671.97,4491.98
11/21/18,4548.7975,4491.98,4491.98,4548.7975
11/22/18,4548.7975,4309.3375,4548.7975,4309.3375
11/23/18,4309.3375,3920.5366670000003,4309.3375,3920.5366670000003
11/26/18,3920.5366670000003,3793.35,3920.5366670000003,3793.35
11/27/18,4103.453846,3793.35,3793.35,4103.453846
11/28/18,4263.783332999999,4103.453846,4103.453846,4263.783332999999
11/29/18,4278.77,4263.783332999999,4263.783332999999,4278.77
11/30/18,4278.77,4140.6,4278.77,4140.6
12/3/18,4140.6,3961.493333,4140.6,3961.493333
12/4/18,3961.493333,3858.3491670000003,3961.493333,3858.3491670000003
12/5/18,3858.3491670000003,3744.98,3858.3491670000003,3744.98
12/6/18,3744.98,3405.643333,3744.98,3405.643333
12/7/18,3523.96,3405.643333,3405.643333,3523.96
12/10/18,3523.96,3426.19,3523.96,3426.19
12/11/18,3426.19,3407.28,3426.19,3407.28
12/12/18,3407.28,3406.7625,3407.28,3406.7625
12/13/18,3406.7625,3278.3741670000004,3406.7625,3278.3741670000004
12/14/18,3392.405,3278.3741670000004,3278.3741670000004,3392.405
12/17/18,3556.54,3392.405,3392.405,3556.54
12/18/18,3808.0425,3556.54,3556.54,3808.0425
12/19/18,3982.850833,3808.0425,3808.0425,3982.850833
12/20/18,4135.19,3982.850833,3982.850833,4135.19
12/21/18,4135.19,3995.17,4135.19,3995.17
12/24/18,3995.17,3848.21,3995.17,3848.21
12/27/18,3848.21,3743.905,3848.21,3743.905
12/28/18,3791.5458329999997,3743.905,3743.905,3791.5458329999997
12/31/18,3855.88,3791.5458329999997,3791.5458329999997,3855.88
1/2/19,3865.7975,3855.88,3855.88,3865.7975
1/3/19,3865.7975,3822.626667,3865.7975,3822.626667
1/4/19,4036.093333,3822.626667,3822.626667,4036.093333
1/7/19,4036.093333,4032.25,4036.093333,4032.25
1/8/19,4034.138333,4032.25,4032.25,4034.138333
1/9/19,4034.138333,3812.5858329999996,4034.138333,3812.5858329999996
1/10/19,3812.5858329999996,3646.25,3812.5858329999996,3646.25
1/11/19,3646.25,3531.96,3646.25,3531.96
1/14/19,3656.785,3531.96,3531.96,3656.785
1/15/19,3656.785,3621.270833,3656.785,3621.270833
1/16/19,3621.43,3621.270833,3621.270833,3621.43
1/17/19,3632.395,3621.43,3621.43,3632.395
1/18/19,3632.395,3548.4275,3632.395,3548.4275
1/21/19,3548.4275,3540.02,3548.4275,3540.02
1/22/19,3587.35,3540.02,3540.02,3587.35
1/23/19,3587.35,3566.4,3587.35,3566.4
1/24/19,3586.25,3566.4,3566.4,3586.25
1/25/19,3586.25,3554.5,3586.25,3554.5
1/28/19,3554.5,3448.58,3554.5,3448.58
1/29/19,3448.58,3421.6,3448.58,3421.6
1/30/19,3470.0,3421.6,3421.6,3470.0
1/31/19,3470.0,3444.81,3470.0,3444.81
2/1/19,3456.02,3444.81,3444.81,3456.02
2/4/19,3456.02,3452.35,3456.02,3452.35
2/5/19,3467.34,3452.35,3452.35,3467.34
2/6/19,3467.34,3405.7,3467.34,3405.7
2/7/19,3405.7,3394.76,3405.7,3394.76
2/8/19,3686.29,3394.76,3394.76,3686.29
2/11/19,3686.29,3629.47,3686.29,3629.47
2/12/19,3632.42,3629.47,3629.47,3632.42
2/13/19,3632.42,3614.5,3632.42,3614.5
2/14/19,3614.5,3600.31,3614.5,3600.31
2/15/19,3670.74,3600.31,3600.31,3670.74
2/18/19,3910.8,3670.74,3670.74,3910.8
2/19/19,3926.53,3910.8,3910.8,3926.53
2/20/19,3987.18,3926.53,3926.53,3987.18
2/21/19,3987.18,3944.88,3987.18,3944.88
2/22/19,3944.88,3766.89,3944.88,3766.89
2/25/19,3848.33,3766.89,3766.89,3848.33
2/26/19,3848.33,3831.45,3848.33,3831.45
2/27/19,3833.23,3831.45,3831.45,3833.23
2/28/19,3850.08,3833.23,3833.23,3850.08
3/1/19,3850.08,3814.58,3850.08,3814.58
3/4/19,3814.58,3730.98,3814.58,3730.98
3/5/19,3872.25,3730.98,3730.98,3872.25
3/6/19,3876.85,3872.25,3872.25,3876.85
3/7/19,3886.82,3876.85,3876.85,3886.82
3/8/19,3928.17,3886.82,3886.82,3928.17
3/11/19,3928.17,3881.09,3928.17,3881.09
3/12/19,3892.51,3881.09,3881.09,3892.51
3/13/19,3892.51,3877.77,3892.51,3877.77
3/14/19,3885.21,3877.77,3877.77,3885.21
3/15/19,3994.92,3885.21,3885.21,3994.92
3/18/19,3998.77,3994.92,3994.92,3998.77
3/19/19,4029.11,3998.77,3998.77,4029.11
3/20/19,4056.4,4029.11,4029.11,4056.4
3/21/19,4056.4,3992.34,4056.4,3992.34
3/22/19,3994.11,3992.34,3992.34,3994.11
3/25/19,3994.11,3935.89,3994.11,3935.89
3/26/19,3947.74,3935.89,3935.89,3947.74
3/27/19,4048.51,3947.74,3947.74,4048.51
3/28/19,4048.51,4037.37,4048.51,4037.37
3/29/19,4114.16,4037.37,4037.37,4114.16
4/1/19,4152.53,4114.16,4114.16,4152.53
4/2/19,4882.88,4152.53,4152.53,4882.88
4/3/19,4959.81,4882.88,4882.88,4959.81
4/4/19,4959.81,4911.24,4959.81,4911.24
4/5/19,5189.39,4911.24,4911.24,5189.39
4/8/19,5268.71,5189.39,5189.39,5268.71
4/9/19,5268.71,5175.81,5268.71,5175.81
4/10/19,5310.18,5175.81,5175.81,5310.18
4/11/19,5310.18,5035.02,5310.18,5035.02
4/12/19,5152.51,5035.02,5035.02,5152.51
4/15/19,5152.51,5036.18,5152.51,5036.18
4/16/19,5196.65,5036.18,5036.18,5196.65
4/17/19,5220.37,5196.65,5196.65,5220.37
4/18/19,5377.19,5220.37,5220.37,5377.19
4/23/19,5518.16,5377.19,5377.19,5518.16
4/24/19,5518.16,5434.19,5518.16,5434.19
4/25/19,5434.19,5195.61,5434.19,5195.61
4/26/19,5301.29,5195.61,5195.61,5301.29
4/29/19,5301.29,5260.65,5301.29,5260.65
4/30/19,5269.79,5260.65,5260.65,5269.79
5/1/19,5326.67,5269.79,5269.79,5326.67
5/2/19,5390.16,5326.67,5326.67,5390.16
5/3/19,5684.47,5390.16,5390.16,5684.47
5/7/19,5755.72,5684.47,5684.47,5755.72
5/8/19,5936.72,5755.72,5755.72,5936.72
5/9/19,6146.91,5936.72,5936.72,6146.91
5/10/19,6978.63,6146.91,6146.91,6978.63
5/13/19,7823.11,6978.63,6978.63,7823.11
5/14/19,7992.69,7823.11,7823.11,7992.69
5/15/19,8206.9,7992.69,7992.69,8206.9
5/16/19,8206.9,7885.96,8206.9,7885.96
5/17/19,8193.7,7885.96,7885.96,8193.7
5/20/19,8193.7,8007.03,8193.7,8007.03
5/21/19,8007.03,7952.5,8007.03,7952.5
5/22/19,7952.5,7625.93,7952.5,7625.93
5/23/19,7880.29,7625.93,7625.93,7880.29
5/24/19,8770.06,7880.29,7880.29,8770.06
5/28/19,8770.06,8719.88,8770.06,8719.88
5/29/19,8719.88,8662.98,8719.88,8662.98
5/30/19,8662.98,8272.46,8662.98,8272.46
5/31/19,8739.03,8272.46,8272.46,8739.03
6/3/19,8739.03,8134.92,8739.03,8134.92
6/4/19,8134.92,7675.8,8134.92,7675.8
6/5/19,7786.04,7675.8,7675.8,7786.04
6/6/19,7803.23,7786.04,7786.04,7803.23
6/7/19,7803.23,7640.61,7803.23,7640.61
6/10/19,8020.38,7640.61,7640.61,8020.38
6/11/19,8020.38,7917.58,8020.38,7917.58
6/12/19,8173.06,7917.58,7917.58,8173.06
6/13/19,8237.88,8173.06,8173.06,8237.88
6/14/19,8978.99,8237.88,8237.88,8978.99
6/17/19,9327.48,8978.99,8978.99,9327.48
6/18/19,9327.48,9076.18,9327.48,9076.18
6/19/19,9281.7,9076.18,9076.18,9281.7
6/20/19,9531.35,9281.7,9281.7,9531.35
6/21/19,10814.48,9531.35,9531.35,10814.48
6/24/19,11017.5,10814.48,10814.48,11017.5
6/25/19,11766.4,11017.5,11017.5,11766.4
6/26/19,12932.55,11766.4,11766.4,12932.55
6/27/19,12932.55,11132.85,12932.55,11132.85
6/28/19,11132.85,10737.73,11132.85,10737.73
7/1/19,10737.73,10578.72,10737.73,10578.72
7/2/19,10805.4,10578.72,10578.72,10805.4
7/3/19,11984.76,10805.4,10805.4,11984.76
7/4/19,11984.76,11160.49,11984.76,11160.49
7/5/19,11477.01,11160.49,11160.49,11477.01
7/8/19,12313.08,11477.01,11477.01,12313.08
7/9/19,12586.78,12313.08,12313.08,12586.78
7/10/19,12586.78,12099.9,12586.78,12099.9
7/11/19,12099.9,11352.87,12099.9,11352.87
7/12/19,11352.87,10186.96,11352.87,10186.96
7/15/19,10873.5,10186.96,10186.96,10873.5
7/16/19,10873.5,9397.72,10873.5,9397.72
7/17/19,9674.28,9397.72,9397.72,9674.28
7/18/19,10638.56,9674.28,9674.28,10638.56
7/19/19,10638.56,10587.41,10638.56,10587.41
7/22/19,10587.41,10323.62,10587.41,10323.62
7/23/19,10323.62,9844.3,10323.62,9844.3
7/24/19,9844.3,9772.17,9844.3,9772.17
7/25/19,9875.17,9772.17,9772.17,9875.17
7/26/19,9875.17,9530.0,9875.17,9530.0
7/29/19,9530.0,9501.33,9530.0,9501.33
7/30/19,9589.13,9501.33,9501.33,9589.13
7/31/19,10084.7,9589.13,9589.13,10084.7
8/1/19,10407.17,10084.7,10084.7,10407.17
8/2/19,10980.23,10407.17,10407.17,10980.23
8/5/19,11787.99,10980.23,10980.23,11787.99
8/6/19,11787.99,11465.67,11787.99,11465.67
8/7/19,11960.82,11465.67,11465.67,11960.82
8/8/19,11996.41,11960.82,11960.82,11996.41
8/9/19,11996.41,11566.84,11996.41,11566.84
8/12/19,11566.84,11386.26,11566.84,11386.26
8/13/19,11386.26,10858.12,11386.26,10858.12
8/14/19,10858.12,10016.96,10858.12,10016.96
8/15/19,10302.17,10016.96,10016.96,10302.17
8/16/19,10317.6,10302.17,10302.17,10317.6
8/19/19,10917.26,10317.6,10317.6,10917.26
8/20/19,10917.26,10760.56,10917.26,10760.56
8/21/19,10760.56,10129.4,10760.56,10129.4
8/22/19,10129.4,10111.98,10129.4,10111.98
8/23/19,10360.28,10111.98,10111.98,10360.28
8/27/19,10360.28,10171.95,10360.28,10171.95
8/28/19,10171.95,9717.82,10171.95,9717.82
8/29/19,9717.82,9484.55,9717.82,9484.55
8/30/19,9769.79,9484.55,9484.55,9769.79
9/2/19,10386.64,9769.79,9769.79,10386.64
9/3/19,10621.29,10386.64,10386.64,10621.29
9/4/19,10621.29,10584.16,10621.29,10584.16
9/5/19,10584.16,10577.8,10584.16,10577.8
9/6/19,10577.8,10406.31,10577.8,10406.31
9/9/19,10406.31,10313.66,10406.31,10313.66
9/10/19,10313.66,10101.03,10313.66,10101.03
9/11/19,10159.32,10101.03,10101.03,10159.32
9/12/19,10420.16,10159.32,10159.32,10420.16
9/13/19,10420.16,10310.43,10420.16,10310.43
9/16/19,10310.43,10265.63,10310.43,10265.63
9/17/19,10265.63,10190.36,10265.63,10190.36
9/18/19,10190.36,10157.59,10190.36,10157.59
9/19/19,10275.88,10157.59,10157.59,10275.88
9/20/19,10275.88,10033.05,10275.88,10033.05
9/23/19,10033.05,9683.38,10033.05,9683.38
9/24/19,9683.38,8553.61,9683.38,8553.61
9/25/19,8553.61,8432.23,8553.61,8432.23
9/26/19,8432.23,8055.64,8432.23,8055.64
9/27/19,8056.74,8055.64,8055.64,8056.74
9/30/19,8307.74,8056.74,8056.74,8307.74
10/1/19,8322.92,8307.74,8307.74,8322.92
10/2/19,8382.03,8322.92,8322.92,8382.03
10/3/19,8382.03,8236.17,8382.03,8236.17
10/4/19,8236.17,7869.74,8236.17,7869.74
10/7/19,8212.02,7869.74,7869.74,8212.02
10/8/19,8212.02,8190.0,8212.02,8190.0
10/9/19,8587.92,8190.0,8190.0,8587.92
10/10/19,8587.92,8586.9,8587.92,8586.9
10/11/19,8586.9,8283.76,8586.9,8283.76
10/14/19,8353.54,8283.76,8283.76,8353.54
10/15/19,8353.54,8162.16,8353.54,8162.16
10/16/19,8162.16,8002.51,8162.16,8002.51
10/17/19,8076.78,8002.51,8002.51,8076.78
10/18/19,8231.06,8076.78,8076.78,8231.06
10/21/19,8231.06,8222.52,8231.06,8222.52
10/22/19,8222.52,8026.76,8222.52,8026.76
10/23/19,8026.76,7469.56,8026.76,7469.56
10/24/19,7469.56,7431.88,7469.56,7431.88
10/25/19,9551.54,7431.88,7431.88,9551.54
10/28/19,9551.54,9218.76,9551.54,9218.76
10/29/19,9433.35,9218.76,9218.76,9433.35
10/30/19,9433.35,9164.62,9433.35,9164.62
10/31/19,9164.62,9147.98,9164.62,9147.98
11/1/19,9206.16,9147.98,9147.98,9206.16
11/4/19,9418.05,9206.16,9206.16,9418.05
11/5/19,9418.05,9310.19,9418.05,9310.19
11/6/19,9343.34,9310.19,9310.19,9343.34
11/7/19,9343.34,9204.24,9343.34,9204.24
11/8/19,9204.24,9037.12,9204.24,9037.12
11/11/19,9037.12,8717.81,9037.12,8717.81
11/12/19,8801.52,8717.81,8717.81,8801.52
11/13/19,8801.52,8762.42,8801.52,8762.42
11/14/19,8762.42,8632.32,8762.42,8632.32
11/15/19,8632.32,8503.93,8632.32,8503.93
11/18/19,8503.93,8175.99,8503.93,8175.99
11/19/19,8175.99,8120.8,8175.99,8120.8
11/20/19,8120.8,8081.81,8120.8,8081.81
11/21/19,8081.81,7617.07,8081.81,7617.07
11/22/19,7617.07,6907.4,7617.07,6907.4
11/25/19,7130.25,6907.4,6907.4,7130.25
11/26/19,7163.63,7130.25,7130.25,7163.63
11/27/19,7523.83,7163.63,7163.63,7523.83
11/28/19,7523.83,7431.0,7523.83,7431.0
11/29/19,7431.0,7402.69,7431.0,7402.69
12/2/19,7402.69,7309.59,7402.69,7309.59
12/3/19,7309.59,7296.77,7309.59,7296.77
12/4/19,7296.77,7192.85,7296.77,7192.85
12/5/19,7395.97,7192.85,7192.85,7395.97
12/6/19,7522.39,7395.97,7395.97,7522.39
12/9/19,7522.39,7337.42,7522.39,7337.42
12/10/19,7337.42,7220.76,7337.42,7220.76
12/11/19,7220.76,7202.31,7220.76,7202.31
12/12/19,7202.31,7189.16,7202.31,7189.16
12/13/19,7189.16,7111.14,7189.16,7111.14
12/16/19,7111.14,6879.54,7111.14,6879.54
12/17/19,6879.54,6612.12,6879.54,6612.12
12/18/19,7284.29,6612.12,6612.12,7284.29
12/19/19,7284.29,7150.86,7284.29,7150.86
12/20/19,7514.41,7150.86,7150.86,7514.41
12/23/19,7514.41,7322.08,7514.41,7322.08
12/24/19,7322.08,7194.4,7322.08,7194.4
12/27/19,7385.36,7194.4,7194.4,7385.36
12/30/19,7385.36,7219.6,7385.36,7219.6
12/31/19,7219.6,7175.68,7219.6,7175.68
1/2/20,7175.68,6944.33,7175.68,6944.33
1/3/20,7351.57,6944.33,6944.33,7351.57
1/6/20,7759.24,7351.57,7351.57,7759.24
1/7/20,8165.47,7759.24,7759.24,8165.47
1/8/20,8165.47,8042.65,8165.47,8042.65
1/9/20,8042.65,7817.92,8042.65,7817.92
1/10/20,8173.97,7817.92,7817.92,8173.97
1/13/20,8173.97,8105.24,8173.97,8105.24
1/14/20,8842.42,8105.24,8105.24,8842.42
1/15/20,8842.42,8813.89,8842.42,8813.89
1/16/20,8813.89,8722.03,8813.89,8722.03
1/17/20,8722.03,8703.36,8722.03,8703.36
1/20/20,8703.36,8626.47,8703.36,8626.47
1/21/20,8722.26,8626.47,8626.47,8722.26
1/22/20,8722.26,8658.94,8722.26,8658.94
1/23/20,8658.94,8388.11,8658.94,8388.11
1/24/20,8588.42,8388.11,8388.11,8588.42
1/27/20,8895.78,8588.42,8588.42,8895.78
1/28/20,9385.69,8895.78,8895.78,9385.69
1/29/20,9385.69,9279.81,9385.69,9279.81
1/30/20,9502.37,9279.81,9279.81,9502.37
1/31/20,9502.37,9314.56,9502.37,9314.56
2/3/20,9314.56,9162.14,9314.56,9162.14
2/4/20,9162.14,9162.14,9162.14,9162.14
2/5/20,9614.9,9162.14,9162.14,9614.9
2/6/20,9755.66,9614.9,9614.9,9755.66
2/7/20,10162.41,9755.66,9755.66,10162.41
2/10/20,10162.41,9854.79,10162.41,9854.79
2/11/20,10275.38,9854.79,9854.79,10275.38
2/12/20,10354.3,10275.38,10275.38,10354.3
2/13/20,10354.3,10242.43,10354.3,10242.43
2/14/20,10242.43,9937.67,10242.43,9937.67
2/17/20,9937.67,9703.93,9937.67,9703.93
2/18/20,10180.65,9703.93,9703.93,10180.65
2/19/20,10180.65,9604.72,10180.65,9604.72
2/20/20,9606.86,9604.72,9604.72,9606.86
2/21/20,9989.39,9606.86,9606.86,9989.39
2/24/20,9989.39,9663.75,9989.39,9663.75
2/25/20,9663.75,9309.15,9663.75,9309.15
2/26/20,9309.15,8785.52,9309.15,8785.52
2/27/20,8804.72,8785.52,8785.52,8804.72
2/28/20,8912.82,8804.72,8804.72,8912.82
3/2/20,8912.82,8912.82,8912.82,8912.82
3/3/20,8912.82,8754.34,8912.82,8754.34
3/4/20,8758.9,8754.34,8754.34,8758.9
3/5/20,9067.39,8758.9,8758.9,9067.39
3/6/20,9067.39,8039.38,9067.39,8039.38
3/9/20,8039.38,7931.94,8039.38,7931.94
3/10/20,7931.94,7885.46,7931.94,7885.46
3/11/20,7936.65,7885.46,7885.46,7936.65
3/12/20,7936.65,4830.21,7936.65,4830.21
3/13/20,5348.44,4830.21,4830.21,5348.44
3/16/20,5348.44,5026.35,5348.44,5026.35
3/17/20,5357.61,5026.35,5026.35,5357.61
3/18/20,5410.23,5357.61,5357.61,5410.23
3/19/20,6195.2,5410.23,5410.23,6195.2
3/20/20,6195.2,5822.62,6195.2,5822.62
3/23/20,6502.16,5822.62,5822.62,6502.16
3/24/20,6768.49,6502.16,6502.16,6768.49
3/25/20,6768.49,6698.46,6768.49,6698.46
3/26/20,6763.75,6698.46,6698.46,6763.75
3/27/20,6763.75,5885.41,6763.75,5885.41
3/30/20,6405.29,5885.41,5885.41,6405.29
3/31/20,6428.28,6405.29,6405.29,6428.28
4/1/20,6652.87,6428.28,6428.28,6652.87
4/2/20,6809.11,6652.87,6652.87,6809.11
4/3/20,6809.11,6777.44,6809.11,6777.44
4/6/20,7343.2,6777.44,6777.44,7343.2
4/7/20,7343.2,7205.55,7343.2,7205.55
4/8/20,7365.03,7205.55,7205.55,7365.03
4/9/20,7365.03,6857.66,7365.03,6857.66
4/14/20,6871.95,6857.66,6857.66,6871.95
4/15/20,6871.95,6623.8,6871.95,6623.8
4/16/20,7112.27,6623.8,6623.8,7112.27
4/17/20,7130.04,7112.27,7112.27,7130.04
4/20/20,7130.04,6840.24,7130.04,6840.24
4/21/20,6852.52,6840.24,6840.24,6852.52
4/22/20,7130.99,6852.52,6852.52,7130.99
4/23/20,7477.6,7130.99,7130.99,7477.6
4/24/20,7699.27,7477.6,7477.6,7699.27
4/27/20,7790.66,7699.27,7699.27,7790.66
4/28/20,7790.66,7765.33,7790.66,7765.33
4/29/20,8777.63,7765.33,7765.33,8777.63
4/30/20,8777.63,8628.77,8777.63,8628.77
5/1/20,8903.95,8628.77,8628.77,8903.95
5/4/20,8903.95,8885.93,8903.95,8885.93
5/5/20,9030.96,8885.93,8885.93,9030.96
5/6/20,9170.79,9030.96,9030.96,9170.79
5/7/20,9170.79,8754.46,9170.79,8754.46
5/11/20,8754.46,8617.25,8754.46,8617.25
5/12/20,8814.53,8617.25,8617.25,8814.53
5/13/20,9305.93,8814.53,8814.53,9305.93
5/14/20,9790.31,9305.93,9305.93,9790.31
5/15/20,9790.31,9669.4,9790.31,9669.4
5/18/20,9719.37,9669.4,9669.4,9719.37
5/19/20,9785.74,9719.37,9719.37,9785.74
5/20/20,9785.74,9510.67,9785.74,9510.67
5/21/20,9510.67,9057.57,9510.67,9057.57
5/22/20,9057.57,8899.66,9057.57,8899.66
5/26/20,8899.66,8842.85,8899.66,8842.85
5/27/20,9197.54,8842.85,8842.85,9197.54
5/28/20,9569.21,9197.54,9197.54,9569.21
5/29/20,9569.21,9450.84,9569.21,9450.84
6/1/20,10204.23,9450.84,9450.84,10204.23
6/2/20,10204.23,9525.57,10204.23,9525.57
6/3/20,9658.04,9525.57,9525.57,9658.04
6/4/20,9794.56,9658.04,9658.04,9794.56
6/5/20,9794.56,9753.85,9794.56,9753.85
6/8/20,9782.59,9753.85,9753.85,9782.59
6/9/20,9782.59,9775.15,9782.59,9775.15
6/10/20,9892.13,9775.15,9775.15,9892.13
6/11/20,9892.13,9286.42,9892.13,9286.42
6/12/20,9330.07,9286.42,9286.42,9330.07
6/15/20,9426.7,9330.07,9330.07,9426.7
6/16/20,9526.0,9426.7,9426.7,9526.0
6/17/20,9526.0,9454.81,9526.0,9454.81
6/18/20,9454.81,9380.03,9454.81,9380.03
6/19/20,9380.03,9284.78,9380.03,9284.78
6/22/20,9691.9,9284.78,9284.78,9691.9
6/23/20,9691.9,9621.49,9691.9,9621.49
6/24/20,9621.49,9276.58,9621.49,9276.58
6/25/20,9276.58,9240.85,9276.58,9240.85
6/26/20,9240.85,9127.47,9240.85,9127.47
6/29/20,9185.35,9127.47,9127.47,9185.35
6/30/20,9185.35,9133.97,9185.35,9133.97
7/1/20,9236.38,9133.97,9133.97,9236.38
7/2/20,9236.38,9087.98,9236.38,9087.98
7/3/20,9089.09,9087.98,9087.98,9089.09
7/6/20,9348.91,9089.09,9089.09,9348.91
7/7/20,9348.91,9256.23,9348.91,9256.23
7/8/20,9440.07,9256.23,9256.23,9440.07
7/9/20,9440.07,9238.04,9440.07,9238.04
7/10/20,9295.9,9238.04,9238.04,9295.9
7/13/20,9295.9,9238.13,9295.9,9238.13
7/14/20,9254.52,9238.13,9238.13,9254.52
7/15/20,9254.52,9193.51,9254.52,9193.51
7/16/20,9193.51,9131.0,9193.51,9131.0
7/17/20,9214.66,9131.0,9131.0,9214.66
7/20/20,9214.66,9163.87,9214.66,9163.87
7/21/20,9392.66,9163.87,9163.87,9392.66
7/22/20,9537.4,9392.66,9392.66,9537.4
7/23/20,9613.11,9537.4,9537.4,9613.11
7/24/20,9938.83,9613.11,9613.11,9938.83
7/27/20,11042.4,9938.83,9938.83,11042.4
7/28/20,11042.4,10934.94,11042.4,10934.94
7/29/20,11102.67,10934.94,10934.94,11102.67
7/30/20,11114.93,11102.67,11102.67,11114.93
7/31/20,11114.93,11077.77,11114.93,11077.77
8/3/20,11242.57,11077.77,11077.77,11242.57
8/4/20,11242.57,11194.25,11242.57,11194.25
8/5/20,11750.28,11194.25,11194.25,11750.28
8/6/20,11772.94,11750.28,11750.28,11772.94
8/7/20,11772.94,11684.06,11772.94,11684.06
8/10/20,11893.03,11684.06,11684.06,11893.03
8/11/20,11893.03,11392.43,11893.03,11392.43
8/12/20,11573.11,11392.43,11392.43,11573.11
8/13/20,11777.43,11573.11,11573.11,11777.43
8/14/20,11914.01,11777.43,11777.43,11914.01
8/17/20,12293.72,11914.01,11914.01,12293.72
8/18/20,12293.72,11969.53,12293.72,11969.53
8/19/20,11969.53,11734.0,11969.53,11734.0
8/20/20,11865.82,11734.0,11734.0,11865.82
8/21/20,11865.82,11653.02,11865.82,11653.02
8/24/20,11763.93,11653.02,11653.02,11763.93
8/25/20,11763.93,11337.4,11763.93,11337.4
8/26/20,11467.37,11337.4,11337.4,11467.37
8/27/20,11467.37,11302.01,11467.37,11302.01
8/28/20,11659.57,11302.01,11302.01,11659.57
9/1/20,11923.25,11659.57,11659.57,11923.25
9/2/20,11923.25,11397.44,11923.25,11397.44
9/3/20,11397.44,10187.51,11397.44,10187.51
9/4/20,10254.93,10187.51,10187.51,10254.93
9/7/20,10367.74,10254.93,10254.93,10367.74
9/8/20,10367.74,10121.52,10367.74,10121.52
9/9/20,10227.83,10121.52,10121.52,10227.83
9/10/20,10352.66,10227.83,10227.83,10352.66
9/11/20,10352.66,10330.77,10352.66,10330.77
9/14/20,10674.64,10330.77,10330.77,10674.64
9/15/20,10785.62,10674.64,10674.64,10785.62
9/16/20,10948.43,10785.62,10785.62,10948.43
9/17/20,10948.43,10943.89,10948.43,10943.89
9/18/20,10943.89,10919.65,10943.89,10919.65
9/21/20,10919.65,10430.46,10919.65,10430.46
9/22/20,10532.22,10430.46,10430.46,10532.22
9/23/20,10532.22,10234.48,10532.22,10234.48
9/24/20,10732.43,10234.48,10234.48,10732.43
9/25/20,10774.24,10732.43,10732.43,10774.24
9/28/20,10774.24,10692.33,10774.24,10692.33
9/29/20,10840.8,10692.33,10692.33,10840.8
9/30/20,10840.8,10777.92,10840.8,10777.92
10/1/20,10777.92,10619.24,10777.92,10619.24
10/2/20,10673.46,10619.24,10619.24,10673.46
10/5/20,10788.56,10673.46,10673.46,10788.56
10/6/20,10788.56,10603.74,10788.56,10603.74
10/7/20,10670.8,10603.74,10603.74,10670.8
10/8/20,10923.3,10670.8,10670.8,10923.3
10/9/20,11376.61,10923.3,10923.3,11376.61
10/12/20,11540.04,11376.61,11376.61,11540.04
10/13/20,11540.04,11428.24,11540.04,11428.24
10/14/20,11431.32,11428.24,11428.24,11431.32
10/15/20,11503.73,11431.32,11431.32,11503.73
10/16/20,11508.2,11503.73,11503.73,11508.2
10/19/20,11758.16,11508.2,11508.2,11758.16
10/20/20,11925.46,11758.16,11758.16,11925.46
10/21/20,12831.56,11925.46,11925.46,12831.56
10/22/20,12990.25,12831.56,12831.56,12990.25
10/23/20,13036.77,12990.25,12990.25,13036.77
10/26/20,13076.37,13036.77,13036.77,13076.37
10/27/20,13651.47,13076.37,13076.37,13651.47
10/28/20,13651.47,13289.0,13651.47,13289.0
10/29/20,13458.66,13289.0,13289.0,13458.66
10/30/20,13758.88,13458.66,13458.66,13758.88
11/2/20,13758.88,13575.17,13758.88,13575.17
11/3/20,14023.31,13575.17,13575.17,14023.31
11/4/20,14155.59,14023.31,14023.31,14155.59
11/5/20,15591.39,14155.59,14155.59,15591.39
11/6/20,15591.39,15490.6,15591.39,15490.6
11/9/20,15490.6,15328.53,15490.6,15328.53
11/10/20,15328.53,15317.04,15328.53,15317.04
11/11/20,15708.65,15317.04,15317.04,15708.65
11/12/20,16295.57,15708.65,15708.65,16295.57
11/13/20,16295.57,15968.16,16295.57,15968.16
11/16/20,16725.15,15968.16,15968.16,16725.15
11/17/20,17679.72,16725.15,16725.15,17679.72
11/18/20,17798.45,17679.72,17679.72,17798.45
11/19/20,17820.57,17798.45,17798.45,17820.57
11/20/20,18422.28,17820.57,17820.57,18422.28
11/23/20,18422.28,18398.91,18422.28,18398.91
11/24/20,19172.52,18398.91,18398.91,19172.52
11/25/20,19172.52,18739.8,19172.52,18739.8
11/26/20,18739.8,17151.44,18739.8,17151.44
11/27/20,18191.6,17151.44,17151.44,18191.6
11/30/20,19709.73,18191.6,18191.6,19709.73
12/1/20,19709.73,18792.52,19709.73,18792.52
12/2/20,19226.97,18792.52,18792.52,19226.97
12/3/20,19454.54,19226.97,19226.97,19454.54
12/4/20,19454.54,19377.66,19454.54,19377.66
12/7/20,19377.66,19181.41,19377.66,19181.41
12/8/20,19181.41,18318.87,19181.41,18318.87
12/9/20,18554.15,18318.87,18318.87,18554.15
12/10/20,18554.15,18247.76,18554.15,18247.76
12/11/20,19164.48,18247.76,18247.76,19164.48
12/14/20,19276.59,19164.48,19164.48,19276.59
12/15/20,19439.75,19276.59,19276.59,19439.75
12/16/20,21379.48,19439.75,19439.75,21379.48
12/17/20,22847.46,21379.48,21379.48,22847.46
12/18/20,23490.58,22847.46,22847.46,23490.58
12/21/20,23490.58,22745.48,23490.58,22745.48
12/22/20,23824.99,22745.48,22745.48,23824.99
12/23/20,23824.99,23253.37,23824.99,23253.37
12/24/20,27036.69,23253.37,23253.37,27036.69
12/29/20,27376.37,27036.69,27036.69,27376.37
12/30/20,28856.59,27376.37,27376.37,28856.59
12/31/20,33000.78,28856.59,28856.59,33000.78
1/4/21,33000.78,32035.03,33000.78,32035.03
1/5/21,34046.67,32035.03,32035.03,34046.67
1/6/21,36860.41,34046.67,34046.67,36860.41
1/7/21,39486.04,36860.41,36860.41,39486.04
1/8/21,39486.04,38240.09,39486.04,38240.09
1/11/21,38240.09,35544.94,38240.09,35544.94
1/12/21,35544.94,34011.82,35544.94,34011.82
1/13/21,37393.13,34011.82,34011.82,37393.13
1/14/21,39158.47,37393.13,37393.13,39158.47
1/15/21,39158.47,35793.01,39158.47,35793.01
1/18/21,36632.35,35793.01,35793.01,36632.35
1/19/21,36632.35,36020.13,36632.35,36020.13
1/20/21,36020.13,35538.98,36020.13,35538.98
1/21/21,35538.98,30797.88,35538.98,30797.88
1/22/21,32276.84,30797.88,30797.88,32276.84
1/25/21,32276.84,32243.26,32276.84,32243.26
1/26/21,32541.8,32243.26,32243.26,32541.8
1/27/21,32541.8,30419.17,32541.8,30419.17
1/28/21,33403.17,30419.17,30419.17,33403.17
1/29/21,33403.17,33136.46,33403.17,33136.46
2/1/21,33522.9,33136.46,33136.46,33522.9
2/2/21,35529.66,33522.9,33522.9,35529.66
2/3/21,37676.25,35529.66,35529.66,37676.25
2/4/21,37676.25,37002.09,37676.25,37002.09
2/5/21,38928.1,37002.09,37002.09,38928.1
2/8/21,46364.3,38928.1,38928.1,46364.3
2/9/21,46589.58,46364.3,46364.3,46589.58
2/10/21,46589.58,44878.17,46589.58,44878.17
2/11/21,48013.38,44878.17,44878.17,48013.38
2/12/21,48720.37,48013.38,48013.38,48720.37
2/15/21,48720.37,47951.85,48720.37,47951.85
2/16/21,49160.1,47951.85,47951.85,49160.1
2/17/21,52118.23,49160.1,49160.1,52118.23
2/18/21,52118.23,51608.15,52118.23,51608.15
2/19/21,57487.86,51608.15,51608.15,57487.86
2/22/21,57487.86,54123.4,57487.86,54123.4
2/23/21,54123.4,48880.43,54123.4,48880.43
2/24/21,50624.84,48880.43,48880.43,50624.84
2/25/21,50624.84,46800.42,50624.84,46800.42
2/26/21,46800.42,45113.92,46800.42,45113.92
3/1/21,49618.43,45113.92,45113.92,49618.43
3/2/21,49618.43,48356.04,49618.43,48356.04
3/3/21,50477.7,48356.04,48356.04,50477.7
3/4/21,50477.7,48448.91,50477.7,48448.91
3/5/21,51169.7,48448.91,48448.91,51169.7
3/8/21,52299.33,51169.7,51169.7,52299.33
3/9/21,54881.52,52299.33,52299.33,54881.52
3/10/21,55997.23,54881.52,54881.52,55997.23
3/11/21,57764.0,55997.23,55997.23,57764.0
3/12/21,59133.47,57764.0,57764.0,59133.47
3/15/21,59133.47,55754.72,59133.47,55754.72
3/16/21,56872.38,55754.72,55754.72,56872.38
3/17/21,58913.0,56872.38,56872.38,58913.0
3/18/21,58913.0,57665.9,58913.0,57665.9
3/19/21,57665.9,57411.17,57665.9,57411.17
3/22/21,57411.17,54204.96,57411.17,54204.96
3/23/21,54477.46,54204.96,54204.96,54477.46
3/24/21,54477.46,52508.23,54477.46,52508.23
3/25/21,52508.23,51415.92,52508.23,51415.92
3/26/21,55783.71,51415.92,51415.92,55783.71
3/29/21,57627.67,55783.71,55783.71,57627.67
3/30/21,58730.13,57627.67,57627.67,58730.13
3/31/21,58735.25,58730.13,58730.13,58735.25
4/1/21,59054.1,58735.25,58735.25,59054.1
4/6/21,59054.1,58020.46,59054.1,58020.46
4/7/21,58020.46,55947.27,58020.46,55947.27
4/8/21,58048.59,55947.27,55947.27,58048.59
4/9/21,59964.87,58048.59,58048.59,59964.87
4/12/21,59964.87,59834.74,59964.87,59834.74
4/13/21,63554.44,59834.74,59834.74,63554.44
4/14/21,63554.44,62969.12,63554.44,62969.12
4/15/21,63252.63,62969.12,62969.12,63252.63
4/16/21,63252.63,56251.48,63252.63,56251.48
4/19/21,56251.48,55703.14,56251.48,55703.14
4/20/21,56507.91,55703.14,55703.14,56507.91
4/21/21,56507.91,53808.8,56507.91,53808.8
4/22/21,53808.8,51731.71,53808.8,51731.71
4/23/21,51731.71,49075.58,51731.71,49075.58
4/26/21,54056.64,49075.58,49075.58,54056.64
4/27/21,55071.46,54056.64,54056.64,55071.46
4/28/21,55071.46,54884.1,55071.46,54884.1
4/29/21,54884.1,53584.15,54884.1,53584.15
4/30/21,57213.33,53584.15,53584.15,57213.33
5/4/21,57213.33,53241.72,57213.33,53241.72
5/5/21,57473.23,53241.72,53241.72,57473.23
5/6/21,57473.23,56428.16,57473.23,56428.16
5/7/21,58280.73,56428.16,56428.16,58280.73
5/10/21,58280.73,55883.5,58280.73,55883.5
5/11/21,56750.0,55883.5,55883.5,56750.0
5/12/21,56750.0,49007.09,56750.0,49007.09
5/13/21,49702.27,49007.09,49007.09,49702.27
5/14/21,49702.27,46441.64,49702.27,46441.64
5/17/21,46441.64,43596.24,46441.64,43596.24
5/18/21,43596.24,42912.19,43596.24,42912.19
5/19/21,42912.19,36964.27,42912.19,36964.27
5/20/21,40784.32,36964.27,36964.27,40784.32
5/21/21,40784.32,34754.54,40784.32,34754.54
5/24/21,38728.59,34754.54,34754.54,38728.59
5/25/21,38728.59,38410.5,38728.59,38410.5
5/26/21,39266.04,38410.5,38410.5,39266.04
5/27/21,39266.04,38445.29,39266.04,38445.29
5/28/21,38445.29,37310.54,38445.29,37310.54
6/1/21,37310.54,36662.64,37310.54,36662.64
6/2/21,37585.24,36662.64,36662.64,37585.24
6/3/21,39188.59,37585.24,37585.24,39188.59
6/4/21,39188.59,35816.17,39188.59,35816.17
6/7/21,35816.17,33514.87,35816.17,33514.87
6/8/21,33514.87,33450.19,33514.87,33450.19
6/9/21,37338.36,33450.19,33450.19,37338.36
6/10/21,37338.36,36704.57,37338.36,36704.57
6/11/21,39066.82,36704.57,36704.57,39066.82
6/14/21,40525.8,39066.82,39066.82,40525.8
6/15/21,40525.8,40188.56,40525.8,40188.56
6/16/21,40188.56,38324.87,40188.56,38324.87
6/17/21,38324.87,38068.04,38324.87,38068.04
6/18/21,38068.04,35592.35,38068.04,35592.35
6/21/21,35592.35,31686.55,35592.35,31686.55
6/22/21,32447.59,31686.55,31686.55,32447.59
6/23/21,33674.66,32447.59,32447.59,33674.66
6/24/21,34639.38,33674.66,33674.66,34639.38
6/25/21,34644.45,34639.38,34639.38,34644.45
6/28/21,34644.45,34456.67,34644.45,34456.67
6/29/21,35847.7,34456.67,34456.67,35847.7
6/30/21,35847.7,35047.36,35847.7,35047.36
7/1/21,35047.36,33536.88,35047.36,33536.88
7/2/21,35309.3,33536.88,33536.88,35309.3
7/5/21,35309.3,33747.97,35309.3,33747.97
7/6/21,34211.01,33747.97,33747.97,34211.01
7/7/21,34211.01,33839.04,34211.01,33839.04
7/8/21,33839.04,32877.41,33839.04,32877.41
7/9/21,34227.64,32877.41,32877.41,34227.64
7/12/21,34227.64,33158.25,34227.64,33158.25
7/13/21,33158.25,32686.56,33158.25,32686.56
7/14/21,32814.61,32686.56,32686.56,32814.61
7/15/21,32814.61,31738.59,32814.61,31738.59
7/16/21,31783.49,31738.59,31738.59,31783.49
7/19/21,31783.49,30815.94,31783.49,30815.94
7/20/21,30815.94,29790.24,30815.94,29790.24
7/21/21,32118.06,29790.24,29790.24,32118.06
7/22/21,32297.89,32118.06,32118.06,32297.89
7/23/21,35365.2,32297.89,32297.89,35365.2
7/26/21,37318.14,35365.2,35365.2,37318.14
7/27/21,39405.95,37318.14,37318.14,39405.95
7/28/21,40002.53,39405.95,39405.95,40002.53
7/29/21,40005.93,40002.53,40002.53,40005.93
7/30/21,40005.93,40000.46,40005.93,40000.46
8/2/21,40000.46,39193.94,40000.46,39193.94
8/3/21,39193.94,38138.0,39193.94,38138.0
8/4/21,39750.14,38138.0,38138.0,39750.14
8/5/21,40882.0,39750.14,39750.14,40882.0
8/6/21,43816.14,40882.0,40882.0,43816.14
8/9/21,46333.46,43816.14,43816.14,46333.46
8/10/21,46333.46,45608.37,46333.46,45608.37
8/11/21,45611.46,45608.37,45608.37,45611.46
8/12/21,45611.46,44417.78,45611.46,44417.78
8/13/21,47056.41,44417.78,44417.78,47056.41
8/16/21,47056.41,45982.55,47056.41,45982.55
8/17/21,45982.55,44648.57,45982.55,44648.57
8/18/21,44777.86,44648.57,44648.57,44777.86
8/19/21,46734.65,44777.86,44777.86,46734.65
8/20/21,49335.68,46734.65,46734.65,49335.68
8/23/21,49523.5,49335.68,49335.68,49523.5
8/24/21,49523.5,47744.58,49523.5,47744.58
8/25/21,48972.09,47744.58,47744.58,48972.09
8/26/21,48972.09,46962.8,48972.09,46962.8
8/27/21,47074.77,46962.8,46962.8,47074.77
8/31/21,47155.87,47074.77,47074.77,47155.87
9/1/21,48862.76,47155.87,47155.87,48862.76
9/2/21,49329.01,48862.76,48862.76,49329.01
9/3/21,51769.06,49329.01,49329.01,51769.06
9/6/21,52677.4,51769.06,51769.06,52677.4
9/7/21,52677.4,46809.17,52677.4,46809.17
9/8/21,46809.17,46078.38,46809.17,46078.38
9/9/21,46368.69,46078.38,46078.38,46368.69
