,Gold_GroundTruth,BITCOIN_GroundTruth,Gold_Prediction,BITCOIN_Prediction,test1g,test1b,,
0,1308.35,609.11,1125.7,610.38,0.435,0.8027,,
1,1314.85,610.19,1308.35,609.2223,0.435,0.8027,,
2,1313.8,608.66003,1311.2546,609.6876,0.435,0.8027,,
3,1326.1,598.88,1312.3975,609.484,0.435,0.8027,,
4,1339.1,597.42,1315.7969,607.9764,0.435,0.8027,,
5,1338.65,594.08,1319.6979,606.8136,0.435,0.8027,,
6,1340.5,598.98004,1323.4768,602.7244,0.435,0.8027,,
7,1327,605.95996,1326.6858,604.1223,0.435,0.8027,,
8,1322.5,605.67004,1325.378,602.4711,0.435,0.8027,,
9,1318.1,603.85004,1326.0212,604.6514,0.435,0.8027,,
10,1322.5,609.38995,1324.2836,604.7153,0.6109,0.401,,
11,1313.2999,611.85004,1324.5354,606.28577,0.6109,0.401,,
12,1283.2999,609.62,1323.5902,605.2706,0.6109,0.401,,
13,1269.4,607.18005,1321.3657,606.3059,0.6109,0.401,,
14,1254.5,612.07996,1315.5931,605.9874,0.6109,0.401,,
15,1258.75,617.21,1309.6437,606.61896,0.6109,0.401,,
16,1259.5,617.54004,1307.279,608.58246,0.6109,0.401,,
17,1253.4501,614.76996,1299.5431,608.40436,0.6109,0.401,,
18,1256.5,635.01,1289.93,609.3002,0.6109,0.401,,
19,1261.05,635.96,1294.1292,609.08716,0.6109,0.401,,
20,1251.75,634.02,1257.5055,609.98737,0.7042,0.201,,
21,1254.7999,638.97,1294.3864,608.9408,0.7042,0.201,,
22,1258.2001,636.29004,1250.3174,611.8787,0.7042,0.201,,
23,1269.0499,629.25,1284.2919,612.8643,0.7042,0.201,,
24,1271.65,627.72003,1261.7257,616.6827,0.7042,0.201,,
25,1266.0499,631.92004,1291.625,615.0932,0.7042,0.201,,
26,1265.5499,651.39,1265.4539,612.59033,0.7042,0.201,,
27,1269.4,655.31,1275.7311,616.5185,0.7042,0.201,,
28,1270.5,651.45,1265.8857,617.3197,0.7042,0.201,,
29,1266.25,682.22003,1286.7084,616.6409,0.7042,0.201,,
30,1273,687.68,1271.667,633.5137,0.7504,0.1005,,
31,1272,702,1274.4834,631.3624,0.7504,0.1005,,
32,1288.45,697.01,1271.0911,623.32574,0.7504,0.1005,,
33,1303.75,733.32996,1270.5364,637.26105,0.7504,0.1005,,
34,1301,686.17,1285.8711,635.88354,0.7504,0.1005,,
35,1302.7999,683.69,1287.4689,630.0204,0.7504,0.1005,,
36,1283.05,709.95996,1298.3882,630.8399,0.7504,0.1005,,
37,1282.35,708.97003,1290.5112,647.09106,0.7504,0.1005,,
38,1281.4,720.93,1279.3892,640.56134,0.7504,0.1005,,
39,1267.5,721.5,1286.5804,636.22595,0.7504,0.1005,,
40,1236.45,715.44995,1281.6907,640.7208,0.3753,0.7206,,
41,1213.6,706.46,1282.2216,645.9172,0.3753,0.7206,,
42,1226.95,710.91,1282.245,649.02563,0.3753,0.7206,,
43,1229.2001,711.73004,1285.8721,657.48425,0.3753,0.7206,,
44,1226.75,736.95996,1235.8966,652.28204,0.3753,0.7206,,
45,1211,747.51996,1278.9513,652.03436,0.3753,0.7206,,
46,1214.25,738.53,1222.7605,652.4988,0.3753,0.7206,,
47,1212.25,736.97003,1223.486,650.79926,0.3753,0.7206,,
48,1185.35,741.63,1270.8126,664.07965,0.3753,0.7206,,
49,1186.1,737.45,1208.9436,659.5408,0.3753,0.7206,,
50,1187.7,735.64,1211.6184,658.6898,0.5636,0.3603,,
51,1187,727.31,1191.0994,667.869,0.5636,0.3603,,
52,1186.5499,732.71,1246.9542,662.72394,0.5636,0.3603,,
53,1178.1,742.69,1184.1038,672.90564,0.5636,0.3603,,
54,1161.8501,742.05,1179.467,671.84265,0.5636,0.3603,,
55,1173.5,772.43,1212.9856,665.95795,0.5636,0.3603,,
56,1162.2,754.63,1160.9829,667.81836,0.5636,0.3603,,
57,1172.5,756.62,1235.1405,664.3002,0.5636,0.3603,,
58,1177.6499,758.99005,1212.6628,658.9347,0.5636,0.3603,,
59,1171.0499,769.72003,1172.345,673.44183,0.5636,0.3603,,
60,1163.6001,770.02,1204.4396,673.35266,0.6605,0.1802,,
61,1156.1,777,1170.2925,686.3287,0.6605,0.1802,,
62,1158.55,777.99,1207.9666,687.2816,0.6605,0.1802,,
63,1162.25,774.89,1215.0072,688.8937,0.6605,0.1802,,
64,1126.9501,776.75,1154.9025,685.3107,0.6605,0.1802,,
65,1131.6,775.88,1156.1646,683.0957,0.6605,0.1802,,
66,1136.25,788.67004,1142.7311,682.73535,0.6605,0.1802,,
67,1125.7,793.08997,1127.7557,714.41693,0.6605,0.1802,,
68,1133.65,824.21,1130.0231,709.2534,0.6605,0.1802,,
69,1131.35,834.97003,1120.7205,697.35095,0.6605,0.1802,,
70,1131.35,901.30994,1136.5989,696.5145,0.7136,0.0901,,
71,1134.6,930.33997,1125.7258,668.60645,0.7136,0.0901,,
72,1145.9,963.38,1127.9574,705.6055,0.7136,0.0901,,
73,1145.9,952.15,1140.955,723.0388,0.7136,0.0901,,
74,1151,1013.42004,1140.6074,751.6046,0.7136,0.0901,,
75,1164.25,1126.76,1141.0406,721.89185,0.7136,0.0901,,
76,1176.7001,994.67,1145.1389,724.74255,0.7136,0.0901,,
77,1175.85,999.64996,1153.891,1093.8817,0.7136,0.0901,,
78,1178.5,910.49005,1164.6365,806.3063,0.7136,0.0901,,
79,1189.5,906.05,1171.9142,767.3154,0.7136,0.0901,,
80,1178.55,785.22003,1174.8301,717.17236,0.7401,0.0451,,
81,1205.05,780.92,1188.1339,754.3253,0.7401,0.0451,,
82,1190.35,826.29004,1184.0497,756.0929,0.7401,0.0451,,
83,1203,830.5,1187.8187,775.66345,0.7401,0.0451,,
84,1216.0499,903.84,1190.306,777.7527,0.7401,0.0451,,
85,1214.75,906.6,1194.7966,740.8211,0.7401,0.0451,,
86,1196.05,895.7988,1203.7738,754.1302,0.7401,0.0451,,
87,1200.5499,893.6211,1205.8932,716.3796,0.7401,0.0451,,
88,1212.85,922.0736,1203.7168,739.28625,0.7401,0.0451,,
89,1216.8,919.97003,1200.1913,734.1619,0.7401,0.0451,,
90,1195,893.04565,1206.7767,917.59064,0.3701,0.629,,
91,1189.7001,915.95624,1211.8322,754.0636,0.3701,0.629,,
92,1184.8501,915.05,1203.1208,742.6937,0.3701,0.629,,
93,1192.8,912.19,1195.8435,751.4667,0.3701,0.629,,
94,1212.8,964.70605,1189.2224,747.0112,0.3701,0.629,,
95,1203.6499,979.70386,1189.6194,760.5136,0.3701,0.629,,
96,1221.95,983.42,1199.8511,743.8911,0.3701,0.629,,
97,1215.2,1013.02704,1202.0518,750.1533,0.3701,0.629,,
98,1226.75,1024.0138,1211.7124,819.9758,0.3701,0.629,,
99,1231,1050.11,1213.4248,802.11633,0.3701,0.629,,
100,1242.1001,1052.84,1219.396,740.11,0.5697,0.315,,
101,1236.8,976.10297,1226.3169,784.68396,0.5697,0.315,,
102,1228.2999,999.10345,1228.8248,801.54596,0.5697,0.315,,
103,1222.25,999.8774,1237.6493,781.2014,0.5697,0.315,,
104,1230.75,1001.19995,1231.3665,825.7154,0.5697,0.315,,
105,1224.4,1012.326,1223.6954,816.4649,0.5697,0.315,,
106,1240.55,1035.2081,1227.4297,780.7237,0.5697,0.315,,
107,1241.95,1035.2001,1223.0587,771.86,0.5697,0.315,,
108,1237.2999,1050.87,1234.206,988.6486,0.5697,0.315,,
109,1233.2,1123.7883,1239.0125,813.8455,0.5697,0.315,,
110,1236.6499,1123.2231,1235.5101,787.93854,0.2849,0.7314,,
111,1247.8999,1130.0099,1233.0532,891.2071,0.2849,0.7314,,
112,1253.65,1174.8662,1234.3193,768.47595,0.2849,0.7314,,
113,1257.2,1190.752,1240.6216,817.30457,0.2849,0.7314,,
114,1255.6,1187.5652,1245.9438,851.23206,0.2849,0.7314,,
115,1240.4,1190.89,1246.6624,824.4657,0.2849,0.7314,,
116,1238.1,1259.4108,1253.9443,1005.85956,0.2849,0.7314,,
117,1226.5,1285.1399,1247.1002,864.34174,0.2849,0.7314,,
118,1230.9501,1275.1973,1238.029,910.863,0.2849,0.7314,,
119,1216.6499,1279.5,1233.4233,837.6852,0.2849,0.7314,,
120,1209.2001,1157.3933,1228.2644,839.2768,0.14245,0.932756193,,
121,1206.5499,1192.4691,1222.51,895.8391,0.14245,0.932756193,,
122,1202.65,1192.09,1208.4202,796.1063,0.14245,0.932756193,,
123,1204.2,1227.68,1212.1063,902.8443,0.14245,0.932756193,,
124,1204.6,1245.3707,1205.3203,993.23065,0.14245,0.932756193,,
125,1198.7999,1257.3997,1204.2261,963.38794,0.14245,0.932756193,,
126,1229.35,1257,1204.1915,913.93646,0.14245,0.932756193,,
127,1229.6,1091.1719,1211.2968,1145.0985,0.14245,0.932756193,,
128,1232.4,1049.0845,1213.7278,861.92926,0.14245,0.932756193,,
129,1241.6,1118.63,1222.5787,866.4989,0.14245,0.932756193,,
130,1249.0499,1113,1225.8563,904.60626,0.071225,1.029230685,,
131,1247.5,1038.789,1233.5513,1039.5365,0.071225,1.029230685,,
132,1247.5,941.91974,1244.0325,877.8258,0.071225,1.029230685,,
133,1257.55,1037.2292,1245.1625,855.12616,0.071225,1.029230685,,
134,1257.25,1041.04,1246.9006,881.48236,0.071225,1.029230685,,
135,1251.1,1040.5754,1250.4835,858.7816,0.071225,1.029230685,,
136,1248.8,1037.9045,1255.2594,858.73755,0.071225,1.029230685,,
137,1244.85,1034.74,1251.2614,909.7946,0.071225,1.029230685,,
138,1247.25,1079.99,1248.4348,875.2467,0.071225,1.029230685,,
139,1257.65,1141.6003,1242.1997,1074.5148,0.071225,1.029230685,,
140,1245.8,1133.0793,1233.54,873.44586,0.498566377,0.514615342,,
141,1252.5,1133.53,1252.3748,865.16974,0.498566377,0.514615342,,
142,1266.4501,1190.4542,1247.1179,867.6629,0.498566377,0.514615342,,
143,1250.05,1207.7449,1249.8417,873.2278,0.498566377,0.514615342,,
144,1252.9,1226.6171,1261.7352,909.9041,0.498566377,0.514615342,,
145,1274.2999,1219.09,1252.8595,994.6802,0.498566377,0.514615342,,
146,1284.15,1180.0238,1251.5574,870.83777,0.498566377,0.514615342,,
147,1278.95,1176.97,1256.2433,934.158,0.498566377,0.514615342,,
148,1279.0499,1217.93,1267.6628,987.33044,0.498566377,0.514615342,,
149,1282.1,1241.6863,1274.9247,878.6964,0.498566377,0.514615342,,
150,1281.85,1236.6299,1268.3762,914.1996,0.249283188,0.861839483,,
151,1269.4,1240.84,1243.36,943.6674,0.249283188,0.861839483,,
152,1267.7999,1279.4147,1278.4637,910.90045,0.249283188,0.861839483,,
153,1261.85,1309.1097,1274.3652,955.5073,0.249283188,0.861839483,,
154,1262.8,1288.0199,1270.542,912.0384,0.249283188,0.861839483,,
155,1266.4501,1331.2944,1261.8359,946.7297,0.249283188,0.861839483,,
156,1255.45,1452.0763,1257.677,871.2097,0.249283188,0.861839483,,
157,1250.2999,1447.55,1263.0667,1025.0951,0.249283188,0.861839483,,
158,1228.45,1508.2921,1257.0703,970.2893,0.249283188,0.861839483,,
159,1228.05,1533.3351,1251.0197,965.69196,0.249283188,0.861839483,,
160,1229.8,1640.6193,1245.8032,1416.0829,0.56861493,0.430919741,,
161,1220.4,1651.1001,1232.2214,1370.928,0.56861493,0.430919741,,
162,1222.95,1762.8862,1228.565,1091.7521,0.56861493,0.430919741,,
163,1223.15,1820.9906,1224.3568,1121.0806,0.56861493,0.430919741,,
164,1231.25,1829,1223.365,1016.34845,0.56861493,0.430919741,,
165,1233.3,1780,1221.3892,1559.7747,0.56861493,0.430919741,,
166,1234.2,1739.032,1228.2076,929.85925,0.56861493,0.430919741,,
167,1257.4,1807.4851,1227.2883,1069.3215,0.56861493,0.430919741,,
168,1255.9,1783.98,1231.7983,1023.4383,0.56861493,0.430919741,,
169,1252,1961.5205,1246.6823,1796.1516,0.56861493,0.430919741,,
170,1258.85,2090.6624,1242.6566,1228.722,0.866620804,0.215459871,,
171,1260.2,2287.7104,1249.5245,1095.4996,0.866620804,0.215459871,,
172,1252.5499,2256.3198,1244.8447,2085.2393,0.866620804,0.215459871,,
173,1256.9501,2387.2063,1258.366,1064.6573,0.866620804,0.215459871,,
174,1265.0499,2211.9768,1254.1678,1187.2028,0.866620804,0.215459871,,
175,1262.7,2290.02,1254.1931,1353.3516,0.866620804,0.215459871,,
176,1266.2,2285.9338,1256.7966,1694.0723,0.866620804,0.215459871,,
177,1264.85,2399.2427,1260.7067,1260.9636,0.866620804,0.215459871,,
178,1274.95,2409.93,1263.135,1164.3861,0.866620804,0.215459871,,
179,1279.9501,2529.53,1262.8097,2308.485,0.866620804,0.215459871,,
180,1293.5,2883.3137,1265.2921,1311.4012,1.055679553,0.107729935,,
181,1291,2664.9207,1276.5029,1596.4895,1.055679553,0.107729935,,
182,1273.1,2683.03,1274.3623,1221.7109,1.055679553,0.107729935,,
183,1266.55,2827.4912,1282.8577,2747.0356,1.055679553,0.107729935,,
184,1266.4,2657.6748,1239.194,1387.2755,1.055679553,0.107729935,,
185,1262,2748.185,1268.4316,1600.0583,1.055679553,0.107729935,,
186,1275.5,2706,1266.9612,2703.6978,1.055679553,0.107729935,,
187,1254.55,2442.4802,1245.813,1716.3888,1.055679553,0.107729935,,
188,1255.4,2464.9597,1256.6005,1580.563,1.055679553,0.107729935,,
189,1248.15,2617.2102,1250.0165,1926.1068,1.055679553,0.107729935,,
190,1242.2001,2599.9998,1243.0359,1601.9056,1.135358256,0.053864968,,
191,1242.5,2671.043,1254.4484,1870.3177,1.135358256,0.053864968,,
192,1250.7999,2727.288,1245.448,1209.6178,1.135358256,0.053864968,,
193,1255.7001,2713.4797,1242.6825,1105.3912,1.135358256,0.053864968,,
194,1245.25,2502.03,1247.2501,1422.4332,1.135358256,0.053864968,,
195,1249.5499,2517.903,1254.1909,1236.0043,1.135358256,0.053864968,,
196,1248,2585.3489,1247.732,1527.4852,1.135358256,0.053864968,,
197,1243.5,2558.3,1248.5879,1233.4525,1.135358256,0.053864968,,
198,1242.25,2477.6414,1249.612,1196.2688,1.135358256,0.053864968,,
199,1229.25,2561.2256,1245.4902,2522.9607,1.135358256,0.053864968,,
200,1223.75,2599.7297,1242.8615,1451.7599,1.187732505,0.026932484,,
201,1220.3,2598.89,1234.8527,1691.9491,1.187732505,0.026932484,,
202,1224.8999,2609.9675,1228.2059,2556.4893,1.187732505,0.026932484,,
203,1215.65,2491.2012,1232.7675,2226.4836,1.187732505,0.026932484,,
204,1211.8999,2366.1702,1220.835,1885.9122,1.187732505,0.026932484,,
205,1211.05,2327.0898,1220.3804,1699.2772,1.187732505,0.026932484,,
206,1218.7999,2385.7485,1219.8239,2043.0784,1.187732505,0.026932484,,
207,1218.9,2354.7834,1215.1599,1305.2101,1.187732505,0.026932484,,
208,1230.3,2338.49,1215.0764,1305.1135,0.593866253,0.557713258,,
209,1234.1,1910.96,1215.7596,1872.3011,0.593866253,0.557713258,,
210,1240.75,2320.1223,1227.9609,1654.3557,0.593866253,0.557713258,,
211,1242.15,2264.7656,1230.857,1911.1062,0.593866253,0.557713258,,
212,1238.7001,2265.21,1235.1678,1871.1124,0.593866253,0.557713258,,
213,1248.55,2682.1953,1238.0447,1497.0994,0.593866253,0.557713258,,
214,1255.5499,2751.821,1239.9005,2694.002,0.593866253,0.557713258,,
215,1254.3999,2560.998,1244.0873,2138.3826,0.593866253,0.557713258,,
216,1248.1,2564.2998,1242.9957,2144.858,0.593866253,0.557713258,,
217,1261.1,2647.6248,1250.5413,2284.0571,0.593866253,0.557713258,,
218,1264.9,2781.6365,1248.4951,1510.506,0.593866253,0.557713258,,
219,1267.55,2866.4314,1255.7312,1373.9581,0.593866253,0.557713258,,
220,1270.95,2862.9,1249.3357,1815.7156,0.296933126,0.818240463,,
221,1269.6,2693.6338,1263.1582,1519.76,0.296933126,0.818240463,,
222,1268.1001,2794.1177,1268.9146,2836.498,0.296933126,0.818240463,,
223,1257.7,2789.9998,1257.0763,2257.4685,0.296933126,0.818240463,,
224,1258,3210.2,1264.6027,1587.2756,0.296933126,0.818240463,,
225,1261.8,3457.3743,1239.6786,3027.334,0.296933126,0.818240463,,
226,1271.05,3357.3264,1247.6217,2052.5454,0.296933126,0.818240463,,
227,1284.4,3340.2798,1258.9724,2146.5251,0.296933126,0.818240463,,
228,1286.1,3632.5066,1264.8833,2269.8784,0.296933126,0.818240463,,
229,1282.3,4282.992,1269.3638,2089.3435,0.296933126,0.818240463,,
230,1270.2999,4217.0283,1276.7635,2218.6282,0.943399481,0.409120231,,
231,1272.75,4179.97,1280.3184,3878.5085,0.943399481,0.409120231,,
232,1285.15,4328.7256,1251.6038,2405.7422,0.943399481,0.409120231,,
233,1295.8,4130.4404,1273.638,3767.2134,0.943399481,0.409120231,,
234,1292.9,4043.7222,1256.0044,4107.063,0.943399481,0.409120231,,
235,1284.2001,3986.28,1286.9626,4188.315,0.943399481,0.409120231,,
236,1286.65,4174.95,1286.75,4171.6504,0.943399481,0.409120231,,
237,1289,4340.317,1262.8628,2299.5173,0.943399481,0.409120231,,
238,1285.3,4331.77,1286.8683,1519.7627,0.943399481,0.409120231,,
239,1318.65,4607.9854,1252.378,3536.8252,0.943399481,0.409120231,,
240,1308.5,4594.988,1284.4103,2593.5466,0.851520988,0.204560116,,
241,1311.75,4582.52,1292.7319,2798.9475,0.851520988,0.204560116,,
242,1320.4,4911.74,1295.5914,3329.4766,0.851520988,0.204560116,,
243,1333.1,4344.098,1271.4369,2671.6372,0.851520988,0.204560116,,
244,1335.55,4488.7197,1313.8188,4521.8193,0.851520988,0.204560116,,
245,1337.85,4385.02,1273.1718,2542.698,0.851520988,0.204560116,,
246,1343.5,4654.6587,1326.3319,1936.8525,0.851520988,0.204560116,,
247,1346.25,4310.75,1283.6113,4389.0527,0.851520988,0.204560116,,
248,1334.2001,4248.0903,1342.1351,1800.9675,1.187258186,0.102280058,,
249,1326.5,4198.59,1345.139,2046.8188,1.187258186,0.102280058,,
250,1327.5499,3961.2715,1331.481,1617.2651,1.187258186,0.102280058,,
251,1324.5499,3319.63,1317.968,4052.936,1.187258186,0.102280058,,
252,1322.85,3216.43,1268.497,4161.227,1.187258186,0.102280058,,
253,1312.1,3678.53,1244.9147,3615.0007,1.187258186,0.102280058,,
254,1309.6,3943.413,1319.3623,1708.3676,1.187258186,0.102280058,,
255,1311.3,3977.5615,1318.6813,3699.726,1.187258186,0.102280058,,
256,1292.1,3894.48,1305.286,3359.9478,1.187258186,0.102280058,,
257,1294.8,3637.5024,1263.0786,3872.309,1.187258186,0.102280058,,
258,1293.2999,3942.5552,1297.379,3331.186,1.187258186,0.102280058,,
259,1300.05,3910.3074,1294.7411,1721.0294,1.187258186,0.102280058,,
260,1282.55,3880.9998,1259.0166,2404.5854,0.593629093,0.531007275,,
261,1283.35,4201.989,1294.8329,2610.098,0.593629093,0.531007275,,
262,1283.1,4193.5747,1289.1053,3903.9753,0.593629093,0.531007275,,
263,1273.7,4386.884,1283.6102,2760.5928,0.593629093,0.531007275,,
264,1271.25,4394.07,1284.0743,3178.0925,0.593629093,0.531007275,,
265,1274.25,4225.1753,1278.5149,4379.8135,0.593629093,0.531007275,,
266,1274.5,4338.852,1275.8406,4386.1655,0.593629093,0.531007275,,
267,1261.8,4318.58,1273.1746,2798.6416,0.593629093,0.531007275,,
268,1278.75,4605.66,1273.5096,4246.077,0.593629093,0.531007275,,
269,1291.4,4782.2803,1264.2697,4511.279,0.593629093,0.531007275,,
270,1289.25,4819.486,1271.2393,3788.9026,1.50312692,0.265503638,,
271,1290.25,4822.1704,1276.3448,2130.6885,1.50312692,0.265503638,,
272,1299.6,5563.8066,1283.1884,4796.0103,0.75156346,0.697703816,,
273,1303.2999,5711.206,1289.1671,4782.956,0.75156346,0.697703816,,
274,1284.75,5603.7134,1294.8472,5245.212,0.75156346,0.697703816,,
275,1280.2,5594.66,1297.9921,3826.5332,0.75156346,0.697703816,,
276,1286.4,5727.634,1272.9391,5688.9165,0.75156346,0.697703816,,
277,1281.2001,5979.46,1284.3281,3654.723,0.75156346,0.697703816,,
278,1274.9,5876.0796,1267.8761,5597.4365,0.75156346,0.697703816,,
279,1276.4501,5900.5903,1281.5645,4718.454,0.75156346,0.697703816,,
280,1275,5669.6226,1278.2839,6122.2676,1.984587637,0.348851908,,
281,1273.75,5893.138,1249.0059,4832.8438,2.786574639,0.174425954,,
282,1266.4501,5889.82,1274.9664,5626.552,2.786574639,0.174425954,,
283,1272,6136.49,1274.5693,6042.536,2.786574639,0.174425954,,
284,1270.15,6388.6455,1267.1819,5826.626,2.786574639,0.174425954,,
285,1277.05,6665.3066,1269.7146,5945.9204,2.786574639,0.174425954,,
286,1279.2,6751.98,1269.0814,5299.0615,2.786574639,0.174425954,,
287,1267.2,7197.72,1265.3534,6637.2466,2.786574639,0.174425954,,
288,1270.8999,6989.072,1262.0874,7387.5835,2.786574639,0.174425954,,
289,1275.6,7092.1274,1271.4808,6459.366,2.786574639,0.174425954,,
290,1284,7128.64,1270.603,7581.8125,2.786574639,0.174425954,,
291,1284.8,7158.037,1250.6528,7485.7026,2.786574639,0.174425954,,
292,1284.3,6719.398,1277.5195,7271.276,2.786574639,0.174425954,,
293,1277.95,6550.2275,1279.1781,5711.5015,2.786574639,0.174425954,,
294,1274.6001,6493.63,1282.0532,6099.9624,2.786574639,0.174425954,,
295,1282.2,7301.43,1276.9156,4008.2725,2.786574639,0.174425954,,
296,1280,7815.031,1272.8193,6386.8613,1.393287319,0.60053119,,
297,1284.35,7868.77,1280.3312,6697.7544,1.393287319,0.60053119,,
298,1286.2,8049.72,1262.1338,5710.205,1.393287319,0.60053119,,
299,1283.2999,8059.8,1280.5891,6445.8433,1.393287319,0.60053119,,
300,1286.9501,8268.035,1271.1735,7363.2354,1.393287319,0.60053119,,
301,1290.35,8236.72,1264.8435,7933.8647,1.393287319,0.60053119,,
302,1290.5,8250.979,1262.2719,8510.807,1.393287319,0.60053119,,
303,1294.9,9718.295,1287.1044,6642.2593,1.393287319,0.60053119,,
304,1291.85,9952.509,1288.6254,7725.9575,1.393287319,0.60053119,,
305,1283.85,9919,1274.0557,9481.617,1.393287319,0.60053119,,
306,1280.2,10147.371,1291.5613,9564.995,3.538502192,0.300265595,,
307,1275.5,10883.912,1288.3573,8644.739,3.538502192,0.300265595,,
308,1273.4501,11584.83,1285.3698,10991.877,3.538502192,0.300265595,,
309,1266.3,11591.22,1279.8939,11139.104,3.538502192,0.300265595,,
310,1263.7,13540.9795,1253.7294,9735.658,3.538502192,0.300265595,,
311,1255,16501.97,1251.8329,12024.735,3.538502192,0.300265595,,
312,1250.65,16860.88,1267.64,13505.301,3.538502192,0.300265595,,
313,1247.15,15068.95,1262.1337,14548.989,3.538502192,0.300265595,,
314,1240.9,17276.395,1253.9476,15972.9,3.538502192,0.300265595,,
315,1242.65,16808.367,1251.0719,10856.014,3.538502192,0.300265595,,
316,1251,16252.31,1246.1871,16146.148,3.538502192,0.300265595,,
317,1254.6,17771.9,1242.8103,16662.822,3.538502192,0.300265595,,
318,1260.6,18961.855,1248.3069,18695.084,3.538502192,0.300265595,,
319,1260.35,17737.111,1250.4889,15820.558,3.538502192,0.300265595,,
320,1264.55,17382.94,1253.289,19833.207,3.538502192,0.300265595,,
321,1264.55,16047.51,1257.322,10792.344,3.538502192,0.300265595,,
322,1264.55,15190.944,1261.2997,17174.246,1.769251096,0.498140829,,
323,1279.4,15589.321,1263.3367,14500.261,1.769251096,0.498140829,,
324,1291,14380.581,1264.0901,14453.198,1.769251096,0.498140829,,
325,1291,14214.01,1268.7279,14988.698,1.769251096,0.498140829,,
326,1312.05,15005.856,1257.6705,14245.608,1.769251096,0.498140829,,
327,1314.9,15053.262,1287.4319,14051.866,1.769251096,0.498140829,,
328,1314.5,15039.239,1300.0134,14805.868,1.769251096,0.498140829,,
329,1317.15,17174.12,1287.9517,15058.381,1.769251096,0.498140829,,
330,1319.95,15265.906,1312.7247,16423.586,1.769251096,0.498140829,,
331,1311,14714.253,1311.8214,16954.14,1.769251096,0.498140829,,
332,1319.75,14437.42,1255.7241,16320.343,4.859506897,0.249070415,,
333,1323.05,13296.794,1310.5488,15745.865,4.859506897,0.249070415,,
334,1326.8,13912.882,1313.9326,14809.758,4.859506897,0.249070415,,
335,1339.25,14012.195,1316.8746,14135.193,4.859506897,0.249070415,,
336,1333.85,13554.14,1319.605,14007.432,4.859506897,0.249070415,,
337,1335.65,11116.946,1326.1979,14330.935,4.859506897,0.249070415,,
338,1332.2,11345.423,1328.7341,13920.933,4.859506897,0.249070415,,
339,1334.9501,11174.82,1306.0266,12516.737,4.859506897,0.249070415,,
340,1332.6,11513.419,1318.4441,12218.451,4.859506897,0.249070415,,
341,1333.4,11223.064,1329.7357,12119.936,4.859506897,0.249070415,,
342,1353.7001,11282.258,1328.5856,11984.955,4.859506897,0.249070415,,
343,1354.9501,11392.03,1262.88,11495.85,4.859506897,0.249070415,,
344,1353.15,10969.814,1347.2057,11681.82,4.859506897,0.249070415,,
345,1343.85,11212.655,1273.4347,11824.965,4.859506897,0.249070415,,
346,1344.9,10184.062,1317.8616,11370.241,4.859506897,0.249070415,,
347,1345.05,10082.52,1296.4451,11691.905,4.859506897,0.249070415,,
348,1341.3501,9083.258,1342.0669,11454.721,4.859506897,0.249070415,,
349,1331.1499,8901.901,1344.6375,10836.601,4.859506897,0.249070415,,
350,1333.6001,6838.817,1333.2683,9380.635,4.859506897,0.249070415,,
351,1331.4,6925.46,1317.1062,9110.901,4.859506897,0.249070415,,
352,1324.6499,8099.958,1336.1039,7877.222,4.859506897,0.249070415,,
353,1315.4501,8240.537,1328.5424,7708.9414,4.859506897,0.249070415,,
354,1314.1,8245.08,1327.7238,7697.416,4.859506897,0.249070415,,
355,1322.2999,8068.0205,1319.8604,8742.755,4.859506897,0.249070415,,
356,1325.3501,8597.767,1296.3374,8739.887,4.859506897,0.249070415,,
357,1336.25,9334.633,1316.4076,8394.389,2.429753448,0.595046176,,
358,1352.45,9471.64,1317.7238,8598.703,2.429753448,0.595046176,,
359,1352.1,10127.161,1334.2875,9185.696,2.429753448,0.595046176,,
360,1346.6001,11110.965,1269.7373,10527.124,2.429753448,0.595046176,,
361,1339.85,11390.392,1286.6725,10753.61,2.429753448,0.595046176,,
362,1330.5,11245.9795,1346.6272,11392.471,2.429753448,0.595046176,,
363,1328.3501,9931.071,1299.6997,11672.551,2.429753448,0.595046176,,
364,1327.95,10162.117,1337.0609,11610.237,2.429753448,0.595046176,,
365,1333.5,10348.603,1291.9271,10475.252,2.429753448,0.595046176,,
366,1325.75,10319.459,1331.3788,9974.452,2.429753448,0.595046176,,
367,1317.85,10370.164,1329.7128,10266.146,2.429753448,0.595046176,,
368,1307.75,11009.381,1326.5354,10366.12,2.429753448,0.595046176,,
369,1322.2999,10931.119,1322.0728,10336.679,2.429753448,0.595046176,,
370,1320.4,11516.83,1318.3992,11240.815,2.429753448,0.595046176,,
371,1331.4,10763.198,1317.7101,11527.748,2.429753448,0.595046176,,
372,1329.3999,10118.058,1319.0253,11631.608,2.429753448,0.595046176,,
373,1321,9920.46,1324.507,11570.102,2.429753448,0.595046176,,
374,1320.6,9089.278,1325.5537,10963.7295,2.429753448,0.595046176,,
375,1319.15,9182.843,1324.8806,9009.558,2.429753448,0.595046176,,
376,1322.75,9154.699,1321.9589,9099.177,2.429753448,0.595046176,,
377,1323.55,9153.54,1301.0776,9177.284,2.429753448,0.595046176,,
378,1318.75,8358.121,1320.5773,9217.313,2.429753448,0.595046176,,
379,1310.1,8530.401,1320.8131,9198.213,2.429753448,0.595046176,,
380,1312.4,8412.033,1318.3658,8736.513,2.429753448,0.595046176,,
381,1311,8605.64,1269.0039,8303.005,2.429753448,0.595046176,,
382,1321.35,8947.753,1310.2274,8411.089,2.429753448,0.595046176,,
383,1329.15,8690.407,1310.8832,8745.24,2.429753448,0.595046176,,
384,1346.6001,8725.37,1318.0791,8837.91,2.429753448,0.595046176,,
385,1352.3999,8457.96,1319.7286,8817.987,2.429753448,0.595046176,,
386,1341.4501,7876.195,1331.8849,8834.349,2.429753448,0.595046176,,
387,1332.4501,7960.38,1337.5515,8492.842,2.429753448,0.595046176,,
388,1323.85,7950.6094,1340.4689,8394.638,2.429753448,0.595046176,,
389,1333.45,7410.435,1332.7842,6961.0894,2.429753448,0.595046176,,
390,1337.3,7426.4805,1322.1376,7008.75,1.214876724,0.818344811,,
391,1327.7001,6826.5103,1318.8158,7265.0493,1.214876724,0.818344811,,
392,1331.2,6603.877,1330.3682,7547.1455,1.214876724,0.818344811,,
393,1331.9501,6699.2734,1329.0991,6771.6196,1.214876724,0.818344811,,
394,1338.9501,6784.41,1330.0621,6877.0425,1.214876724,0.818344811,,
395,1350.75,6926.2666,1332.6548,5036.454,1.214876724,0.818344811,,
396,1341.3501,7847.845,1305.3157,6927.4526,0.607438362,0.972644924,,
397,1343.7001,7941.4595,1282.4237,6628.191,0.607438362,0.972644924,,
398,1349.35,8368.1,1312.0583,7996.09,0.607438362,0.972644924,,
399,1342.1,7895.417,1324.1084,8417.465,0.607438362,0.972644924,,
400,1351.4501,8164.9375,1340.5184,7980.439,0.607438362,0.972644924,,
401,1348.6,8175.96,1342.0396,8202.288,0.607438362,0.972644924,,
402,1336.75,8852.718,1344.632,8114.797,0.607438362,0.972644924,,
403,1324.3,8933.861,1345.2782,9070.401,0.607438362,0.972644924,,
404,1328.85,9555.541,1335.9288,9052.429,0.607438362,0.972644924,,
405,1321.6499,9658.11,1333.4258,9083.846,0.607438362,0.972644924,,
406,1320.7001,9258.398,1329.294,9430.554,0.607438362,0.972644924,,
407,1321.5,9010.319,1268.0459,9557.283,0.607438362,0.972644924,,
408,1313.2,9259.569,1322.0227,9277.251,0.607438362,0.972644924,,
409,1307.1001,9239.55,1320.8145,9365.451,0.607438362,0.972644924,,
410,1304.2001,9221.426,1316.796,9510.686,0.607438362,0.972644924,,
411,1315.0499,9639.268,1311.048,9479.426,0.607438362,0.972644924,,
412,1309.4,9753.35,1307.1377,9240.602,0.607438362,0.972644924,,
413,1306.6,9228.608,1310.6356,9822.785,0.607438362,0.972644924,,
414,1313.85,9322.041,1309.2756,9791.772,0.607438362,0.972644924,,
415,1318.7999,9310.37,1295.354,9553.019,0.607438362,0.972644924,,
416,1324.35,8468.787,1311.3226,9395.9795,4.099048777,0.486322462,,
417,1319.85,8652.038,1314.4568,8627.502,4.099048777,0.486322462,,
418,1295,8511.458,1305.467,8787.993,4.099048777,0.486322462,,
419,1291.25,8471.06,1318.8191,8707.595,4.099048777,0.486322462,,
420,1289.5,8106.118,1309.2434,8773.466,4.099048777,0.486322462,,
421,1288.3,8240.055,1302.9431,8717.211,4.099048777,0.486322462,,
422,1288.35,8385.556,1276.8568,8100.0435,4.099048777,0.486322462,,
423,1293.05,8396.63,1287.8757,8409.445,4.099048777,0.486322462,,
424,1289,7555.74,1287.7057,8382.436,4.099048777,0.486322462,,
425,1304.85,7566.1934,1290.4861,8489.483,4.099048777,0.486322462,,
426,1303.5,7576.78,1275.2633,8130.5503,4.099048777,0.486322462,,
427,1295.5,7459.877,1293.5815,7445.9746,4.099048777,0.486322462,,
428,1300.7001,7385.395,1297.2067,7569.968,4.099048777,0.486322462,,
429,1305.35,7386.72,1297.3203,7358.7764,4.099048777,0.486322462,,
430,1294.6,7535.1465,1298.8593,7376.913,4.099048777,0.486322462,,
431,1295.45,7500.2734,1302.6885,7657.3857,4.099048777,0.486322462,,
432,1292.0499,7615.7227,1293.1835,7873.9326,4.099048777,0.486322462,,
433,1300.1,7619.43,1285.6781,7632.0566,4.099048777,0.486322462,,
434,1297.25,7676.272,1293.9115,7631.8794,4.099048777,0.486322462,,
435,1298.25,7620.1533,1296.1014,7630.3545,4.099048777,0.486322462,,
436,1299.6,6875.6787,1295.0343,7522.412,4.099048777,0.486322462,,
437,1298.6499,6879.31,1296.408,7574.713,4.099048777,0.486322462,,
438,1296.15,6315.6997,1298.7024,6774.9126,4.099048777,0.486322462,,
439,1302.75,6647.0137,1298.3071,6923.639,2.049524389,0.863486494,,
440,1285.25,6637.41,1297.7954,6570.198,2.049524389,0.863486494,,
441,1281.5499,6445.79,1299.719,6558.8887,2.049524389,0.863486494,,
442,1276.15,6737,1293.1128,6438.2896,2.049524389,0.863486494,,
443,1274.2,6714.7183,1283.88,6753.4385,2.049524389,0.863486494,,
444,1266.1499,6760.83,1282.5453,6778.391,2.049524389,0.863486494,,
445,1269.1499,6332.5737,1276.979,6643.8447,2.049524389,0.863486494,,
446,1268.7001,6211.4478,1273.157,6432.976,2.049524389,0.863486494,,
447,1260.2999,6218.595,1269.5824,6210.4966,2.049524389,0.863486494,,
448,1254.6,6097.46,1270.7399,6158.8223,2.049524389,0.863486494,,
449,1251.55,6107.8965,1263.932,6269.932,2.049524389,0.863486494,,
450,1250.4501,5908.7026,1263.2048,6052.313,2.049524389,0.863486494,,
451,1247.7999,6466.0693,1264.627,6049.8887,2.049524389,0.863486494,,
452,1251.75,6626.44,1250.9557,6229.136,1.024762194,1.063209901,,
453,1255.65,6593.2896,1250.2708,6420.137,1.024762194,1.063209901,,
454,1255.5,6603.3765,1254.3574,6710.5327,1.024762194,1.063209901,,
455,1255.35,6555.5103,1251.0145,6553.2744,1.024762194,1.063209901,,
456,1262.0499,6724.04,1252.9812,6603.001,1.024762194,1.063209901,,
457,1254,6510.7915,1255.8981,6676.0293,1.024762194,1.063209901,,
458,1251.3999,6377.3633,1268.3463,6632.063,1.024762194,1.063209901,,
459,1245.9,6403.18,1261.5254,6800.532,1.024762194,1.063209901,,
460,1241.7001,6244.358,1254.687,6479.254,1.024762194,1.063209901,,
461,1241.1,6514.391,1250.8883,6254.349,1.024762194,1.063209901,,
462,1232.8,6869.911,1250.5996,6223.199,1.024762194,1.063209901,,
463,1224.5,7321.62,1243.5619,6377.99,1.024762194,1.063209901,,
464,1217.55,7396.402,1235.6321,6574.9097,1.024762194,1.063209901,,
465,1228.75,7428.0454,1247.8069,7024.6753,1.024762194,1.063209901,,
466,1224.9501,7689.8843,1227.127,7588.0693,1.024762194,1.063209901,,
467,1228.35,7715.1,1226.395,7155.5415,1.024762194,1.063209901,,
468,1231.5,8251.165,1225.0299,5007.7886,1.024762194,1.063209901,,
469,1228.25,8187.324,1225.7393,7653.3516,0.512381097,1.18353744,,
470,1223.9501,7939.81,1229.0332,7942.4077,0.512381097,1.18353744,,
471,1223.8,8220.91,1236.0334,8243.402,0.512381097,1.18353744,,
472,1220.9501,7916.8003,1242.8008,8217.074,0.512381097,1.18353744,,
473,1219,7570.8696,1225.2878,8229.98,0.512381097,1.18353744,,
474,1215.45,7607.7,1223.7527,7958.6133,4.328166205,0.59176872,,
475,1216.3,7394.499,1220.9038,7631.974,4.328166205,0.59176872,,
476,1209.65,6988.0796,1216.284,7231.3833,4.328166205,0.59176872,,
477,1212.35,6993.513,1217.2899,7327.0703,4.328166205,0.59176872,,
478,1209.5499,6718.23,1215.3976,6933.6045,4.328166205,0.59176872,,
479,1214.3501,6396.7725,1212.6558,7022.5815,4.328166205,0.59176872,,
480,1214.4,6396.4946,1210.4407,6088.591,4.328166205,0.59176872,,
481,1200.35,6347.07,1212.243,6539.168,4.328166205,0.59176872,,
482,1197,6252.13,1213.6621,6306.8906,4.328166205,0.59176872,,
483,1182,6362.6772,1205.0942,6220.4106,4.328166205,0.59176872,,
484,1180.4,6342.6294,1203.0096,6220.8633,4.328166205,0.59176872,,
485,1178.4,6312.7505,1202.1033,6348.9854,4.328166205,0.59176872,,
486,1184.35,6486.58,1186.5669,6164.33,4.328166205,0.59176872,,
487,1190.95,6401.246,1183.3907,6579.48,4.328166205,0.59176872,,
488,1196.65,6575.2295,1181.1674,6379.2905,4.328166205,0.59176872,,
489,1192.35,6354.5703,1183.0818,6372.935,4.328166205,0.59176872,,
490,1197.7,6543.646,1194.9036,6423.2607,4.328166205,0.59176872,,
491,1212.25,7000.04,1193.7513,6620.7393,4.328166205,0.59176872,,
492,1204.2,7078.19,1213.0369,6551.2197,4.328166205,0.59176872,,
493,1197.3,6932.6626,1201.0895,6895.541,4.328166205,0.59176872,,
494,1202.45,6981.9463,1204.8755,6918.0664,4.328166205,0.59176872,,
495,1200.0499,7260.949,1262.391,7060.2046,4.328166205,0.59176872,,
496,1190.85,7265.08,1203.1094,7161.558,4.328166205,0.59176872,,
497,1196.7001,7113.0693,1200.2266,7231.338,4.328166205,0.59176872,,
498,1205.15,6433.272,1195.7416,7079.804,4.328166205,0.59176872,,
499,1198.8999,6501.1904,1196.2787,6963.5547,4.328166205,0.59176872,,
500,1196.6,6240.9805,1199.9137,6559.407,4.328166205,0.59176872,,
501,1189.85,6296.321,1241.4658,6354.165,4.328166205,0.59176872,,
502,1195.6,6273.137,1198.6477,6170.8354,4.328166205,0.59176872,,
503,1209.8,6326.04,1199.3375,6066.798,4.328166205,0.59176872,,
504,1201.9501,6499.0625,1195.4203,6377.612,2.164083102,1.002470935,,
505,1201.9,6400.6006,1225.9647,6436.652,2.164083102,1.002470935,,
506,1200.2001,6296.632,1202.8385,6388.1875,2.164083102,1.002470935,,
507,1203.3,6342.39,1202.4575,6421.8867,2.164083102,1.002470935,,
508,1208.35,6418.5625,1202.2377,6387.4844,2.164083102,1.002470935,,
509,1198.7,6669.9907,1202.8618,6357.808,2.164083102,1.002470935,,
510,1202.75,6639.304,1204.4214,6615.694,2.164083102,1.002470935,,
511,1201.9,6583.45,1203.2776,6603.8066,2.164083102,1.002470935,,
512,1194.25,6468.632,1202.9731,6721.592,2.164083102,1.002470935,,
513,1185.4,6535.4766,1208.587,6653.864,2.164083102,1.002470935,,
514,1187.25,6686.08,1198.7986,6590.8125,2.164083102,1.002470935,,
515,1189.35,6611.02,1188.9492,6587.1436,2.164083102,1.002470935,,
516,1204.7,6562.6416,1189.6936,6534.873,2.164083102,1.002470935,,
517,1201.2,6470.4023,1188.6132,6645.5127,2.164083102,1.002470935,,
518,1203.45,6483.7305,1221.464,6455.7305,2.164083102,1.002470935,,
519,1203.8,6568.5493,1200.0281,6519.935,2.164083102,1.002470935,,
520,1186.95,6618.568,1202.5564,6514.7207,2.164083102,1.002470935,,
521,1185.55,6621.7114,1203.6086,6550.032,2.164083102,1.002470935,,
522,1188.6,6626.85,1259.033,6627.611,2.164083102,1.002470935,,
523,1205.55,6248.6357,1194.9059,6661.7695,2.164083102,1.002470935,,
524,1219.75,6260.5312,1189.2771,6606.6187,2.164083102,1.002470935,,
525,1229.95,6452.572,1191.9877,6479.676,2.164083102,1.002470935,,
526,1230.7,6599.1704,1207.863,6374.556,2.164083102,1.002470935,,
527,1229.0499,6596.276,1221.2267,6500.719,2.164083102,1.002470935,,
528,1223,6568.041,1239.3213,6476.489,2.164083102,1.002470935,,
529,1227.85,6509.61,1232.9271,6644.387,2.164083102,1.002470935,,
530,1222.3,6504.7803,1227.3967,6524.421,2.164083102,1.002470935,,
531,1235.95,6481.4263,1228.1967,6554.318,2.164083102,1.002470935,,
532,1230.55,6508.31,1224.4166,6625.1074,2.164083102,1.002470935,,
533,1230.7999,6489.7705,1240.2484,6362.644,2.164083102,1.002470935,,
534,1233.8501,6473.7534,1242.8864,6616.095,2.164083102,1.002470935,,
535,1230.7999,6382.6685,1231.276,6471.6235,2.164083102,1.002470935,,
536,1225.4,6309.453,1252.166,6476.62,2.164083102,1.002470935,,
537,1214.9501,6301.6104,1236.6053,6156.117,2.164083102,1.002470935,,
538,1231.15,6342.281,1254.2749,6352.03,2.164083102,1.002470935,,
539,1232.1001,6387.6743,1226.6781,5836.7036,2.164083102,1.002470935,,
540,1232.25,6436.9653,1232.7427,6291.7017,2.164083102,1.002470935,,
541,1231.6,6437.7603,1240.7732,6692.608,2.164083102,1.002470935,,
542,1229.95,6538.7905,1245.8274,6632.0293,2.164083102,1.002470935,,
543,1224.15,6486.2515,1259.0791,6434.7935,2.164083102,1.002470935,,
544,1211.4,6444.97,1230.3804,6353.5713,2.164083102,1.002470935,,
545,1205.55,6408.5303,1232.5983,6376.234,2.164083102,1.002470935,,
546,1202.1,6372.0635,1218.4698,6071.3135,2.164083102,1.002470935,,
547,1203.25,6176.1553,1216.639,6364.7505,2.164083102,1.002470935,,
548,1211.85,5756.77,1208.9014,6549.413,2.164083102,1.002470935,,
549,1222.4,5596.193,1233.1436,6296.9517,2.164083102,1.002470935,,
550,1221.6,5303.943,1217.31,4973.1685,2.164083102,1.002470935,,
551,1223,4671.97,1217.8347,5585.7954,2.164083102,1.002470935,,
552,1226.1,4491.98,1220.3684,5169.0176,2.164083102,1.002470935,,
553,1227.05,4548.7974,1222.0642,4878.817,2.164083102,1.002470935,,
554,1223.6499,4309.3374,1224.2631,4797.703,2.164083102,1.002470935,,
555,1223.4,3920.5364,1225.4377,4701.786,2.164083102,1.002470935,,
556,1221.2,3793.3499,1224.3474,4309.974,2.164083102,1.002470935,,
557,1213.25,4103.454,1232.1741,4046.9265,2.164083102,1.002470935,,
558,1226.25,4263.783,1222.5829,4002.8352,2.164083102,1.002470935,,
559,1217.55,4278.77,1218.5916,3878.0051,2.164083102,1.002470935,,
560,1230.3,4140.6,1221.9,4148.381,2.164083102,1.002470935,,
561,1240.3,3961.4934,1219.1462,4109.186,2.164083102,1.002470935,,
562,1235.9,3858.349,1243.2834,4181.28,2.164083102,1.002470935,,
563,1242.5499,3744.9797,1250.9067,4226.129,2.164083102,1.002470935,,
564,1243.3,3405.6433,1236.367,3973.7869,2.164083102,1.002470935,,
565,1245.35,3523.96,1239.9164,3533.1738,2.164083102,1.002470935,,
566,1245.3,3426.19,1242.4072,3372.4258,2.164083102,1.002470935,,
567,1245.75,3407.2798,1241.4429,3442.0398,2.164083102,1.002470935,,
568,1242.75,3406.7625,1242.7944,3454.4485,2.164083102,1.002470935,,
569,1235.35,3278.374,1242.9822,3628.6743,2.164083102,1.002470935,,
570,1241.65,3392.405,1244.3025,3270.6714,2.164083102,1.002470935,,
571,1246.3,3556.54,1238.0624,3257.2537,2.164083102,1.002470935,,
572,1255,3808.0422,1253.8204,3369.9001,2.164083102,1.002470935,,
573,1259.75,3982.851,1242.2417,4223.9307,2.164083102,1.002470935,,
574,1258.15,4135.19,1248.5776,3520.83,2.164083102,1.002470935,,
575,1258.15,3995.17,1259.0605,3839.9106,2.164083102,1.002470935,,
576,1268,3848.21,1256.6788,3859.9207,2.164083102,1.002470935,,
577,1279,3743.9048,1258.6069,3894.043,2.164083102,1.002470935,,
578,1279,3791.546,1262.3894,3710.1245,2.164083102,1.002470935,,
579,1282.9,3855.8801,1267.9563,3766.018,2.164083102,1.002470935,,
580,1290.45,3865.7974,1277.9431,3721.9844,2.164083102,1.002470935,,
581,1279.9,3822.6267,1276.5133,3660.1597,2.164083102,1.002470935,,
582,1292.2,4036.0933,1280.1288,3952.963,2.164083102,1.002470935,,
583,1286.4501,4032.25,1283.1925,3746.4312,2.164083102,1.002470935,,
584,1288.6,4034.1382,1282.8374,3884.5251,2.164083102,1.002470935,,
585,1291.9,3812.5857,1286.5771,3955.813,2.164083102,1.002470935,,
586,1288.95,3646.25,1286.356,3982.8938,2.164083102,1.002470935,,
587,1292.75,3531.96,1290.1204,3626.9688,2.164083102,1.002470935,,
588,1294.4,3656.7847,1289.7871,3611.5957,2.164083102,1.002470935,,
589,1292.3,3621.2708,1276.175,3513.6963,2.164083102,1.002470935,,
590,1290.7001,3621.43,1281.7789,3482.5762,2.164083102,1.002470935,,
591,1284.2001,3632.3948,1292.0729,4014.5808,2.164083102,1.002470935,,
592,1279.55,3548.4272,1267.433,3531.1858,2.164083102,1.002470935,,
593,1282.1,3540.02,1284.5211,3787.0225,2.164083102,1.002470935,,
594,1279.7999,3587.3499,1282.5659,3576.3237,2.164083102,1.002470935,,
595,1283.7,3566.4,1281.4713,4689.2007,2.164083102,1.002470935,,
596,1293.8999,3586.25,1280.1179,3572.3345,2.164083102,1.002470935,,
597,1302.15,3554.5,1282.2056,3483.4492,2.164083102,1.002470935,,
598,1307.5499,3448.5798,1286.2853,3541.215,2.164083102,1.002470935,,
599,1310.7001,3421.5999,1283.3444,3640.9597,2.164083102,1.002470935,,
600,1323.25,3470,1298.1985,3424.7734,2.164083102,1.002470935,,
601,1318.7,3444.81,1304.8245,3487.7986,2.164083102,1.002470935,,
602,1312.15,3456.0198,1286.4052,3419.1382,2.164083102,1.002470935,,
603,1314.2001,3452.3499,1317.4796,3411.2476,2.164083102,1.002470935,,
604,1312.4,3467.3398,1316.232,3426.3918,2.164083102,1.002470935,,
605,1310,3405.7,1280.2709,3285.4875,2.164083102,1.002470935,,
606,1314.85,3394.7598,1311.5125,3394.1614,1.082041551,1.256733947,,
607,1306.3999,3686.29,1310.7997,3500.8967,1.082041551,1.256733947,,
608,1310,3629.4697,1312.6149,3904.3555,1.082041551,1.256733947,,
609,1312.7999,3632.42,1269.8989,4486.5605,1.082041551,1.256733947,,
610,1311.45,3614.5,1309.8756,3521.7468,2.959002887,0.712914535,,
611,1316.55,3600.31,1310.9519,3932.3958,1.479501444,1.2411877,,
612,1325.5,3670.7397,1310.6691,3596.4922,1.479501444,1.2411877,,
613,1334.1499,3910.7998,1261.9452,3560.0444,1.479501444,1.2411877,,
614,1343.75,3926.5298,1294.4401,3578.368,1.479501444,1.2411877,,
615,1331.25,3987.18,1325.5804,3832.1624,1.479501444,1.2411877,,
616,1329.05,3944.88,1335.9166,4062.2302,1.479501444,1.2411877,,
617,1331.0499,3766.89,1331.8724,3993.0552,1.479501444,1.2411877,,
618,1325.05,3848.33,1280.4734,4129.827,1.479501444,1.2411877,,
619,1322.85,3831.45,1329.3911,3913.6116,1.479501444,1.2411877,,
620,1319.15,3833.23,1327.4049,3715.0073,1.479501444,1.2411877,,
621,1311.9501,3850.0798,1309.1045,3856.486,1.479501444,1.2411877,,
622,1285.4,3814.5798,1322.0536,3737.0137,1.479501444,1.2411877,,
623,1283.7999,3730.98,1282.4913,3647.9849,1.479501444,1.2411877,,
624,1285.8501,3872.25,1284.6116,3517.3816,1.479501444,1.2411877,,
625,1285.3,3876.8499,1279.7253,3762.491,1.479501444,1.2411877,,
626,1296.75,3886.8198,1286.5269,3811.7773,1.479501444,1.2411877,,
627,1292.75,3928.1697,1284.4849,3764.7031,1.479501444,1.2411877,,
628,1297.05,3881.0898,1289.4222,3896.1782,1.479501444,1.2411877,,
629,1306.95,3892.51,1264.1997,3928.295,1.479501444,1.2411877,,
630,1295.5499,3877.77,1297.8557,3845.9985,1.479501444,1.2411877,,
631,1303.5,3885.21,1298.6096,3774.9014,1.479501444,1.2411877,,
632,1305.6,3994.92,1297.8492,3877.5347,1.479501444,1.2411877,,
633,1307.7001,3998.77,1277.5831,3967.653,1.479501444,1.2411877,,
634,1303.7,4029.11,1303.6674,3970.8286,1.479501444,1.2411877,,
635,1309.6,4056.4,1304.7457,3976.5835,1.479501444,1.2411877,,
636,1311.3,3992.3398,1283.1254,4909.2393,1.479501444,1.2411877,,
637,1319.55,3994.11,1287.92,3976.5737,3.758918536,0.62059385,,
638,1316.2999,3935.89,1291.0415,4059.0056,3.758918536,0.62059385,,
639,1309.7,3947.74,1313.2836,3904.744,3.758918536,0.62059385,,
640,1295.1499,4048.5103,1298.929,3943.2263,3.758918536,0.62059385,,
641,1295.4,4037.37,1311.3342,3943.9038,3.758918536,0.62059385,,
642,1293.5,4114.16,1281.6671,4121.528,3.758918536,0.62059385,,
643,1290.2999,4152.53,1297.4292,4097.863,3.758918536,0.62059385,,
644,1290.45,4882.88,1295.6927,4131.0205,3.758918536,0.62059385,,
645,1283.15,4959.81,1291.2178,4143.8247,3.758918536,0.62059385,,
646,1288.45,4911.24,1269.9434,4387.3237,3.758918536,0.62059385,,
647,1300,5189.39,1287.8351,4937.617,3.758918536,0.62059385,,
648,1303,5268.7104,1266.913,4880.5273,3.758918536,0.62059385,,
649,1305.4501,5175.81,1292.9729,5123.92,3.758918536,0.62059385,,
650,1298.8,5310.18,1295.6145,5480.1665,3.758918536,0.62059385,,
651,1294.3,5035.0205,1301.5637,5197.306,3.758918536,0.62059385,,
652,1285.6499,5152.5103,1300.6956,5354.3354,3.758918536,0.62059385,,
653,1276.3501,5036.18,1297.2578,4970.7876,3.758918536,0.62059385,,
654,1275.85,5196.65,1291.3617,5071.7905,3.758918536,0.62059385,,
655,1275.7,5220.37,1284.9698,5000.209,3.758918536,0.62059385,,
656,1269.5,5377.19,1276.7413,5332.8003,3.758918536,0.62059385,,
657,1271.65,5518.16,1277.6378,5266.171,3.758918536,0.62059385,,
658,1280.7999,5434.1904,1272.8207,5338.925,3.758918536,0.62059385,,
659,1284.2001,5195.61,1273.382,5407.7144,3.758918536,0.62059385,,
660,1279.5,5301.29,1275.6931,5182.4043,3.758918536,0.62059385,,
661,1282.3,5260.65,1279.3219,5302.4688,3.758918536,0.62059385,,
662,1283.7999,5269.79,1279.7468,5132.908,3.758918536,0.62059385,,
663,1270.95,5326.6704,1281.7566,5371.505,1.879459268,1.070440741,,
664,1278.5499,5390.16,1269.661,5192.8677,1.879459268,1.070440741,,
665,1281.2001,5684.47,1264.2454,5684.388,1.879459268,1.070440741,,
666,1285.2001,5755.7197,1279.0106,5620.8994,1.879459268,1.070440741,,
667,1286.1,5936.72,1268.3997,5678.812,1.879459268,1.070440741,,
668,1287.1,6146.91,1280.33,5667.833,1.879459268,1.070440741,,
669,1295.6,6978.63,1281.2112,6217.0737,1.879459268,1.070440741,,
670,1298.4,7823.11,1285.6079,6591.197,1.879459268,1.070440741,,
671,1299.1,7992.69,1275.8328,6808.767,1.879459268,1.070440741,,
672,1291.7001,8206.9,1288.1622,5751.165,1.879459268,1.070440741,,
673,1280.7999,7885.9604,1297.8159,7673.442,0.939729634,1.272504709,,
674,1276.85,8193.7,1292.4785,7832.848,0.939729634,1.272504709,,
675,1271.15,8007.03,1283.0176,6592.1304,0.939729634,1.272504709,,
676,1273.7999,7952.5,1284.1068,7843.0537,0.939729634,1.272504709,,
677,1283.65,7625.9297,1274.4957,7938.403,0.939729634,1.272504709,,
678,1282.5,7880.29,1275.0962,7884.0635,0.939729634,1.272504709,,
679,1278.3,8770.06,1276.424,7219.408,0.939729634,1.272504709,,
680,1281.65,8719.88,1275.241,8373.965,0.939729634,1.272504709,,
681,1280.95,8662.9795,1280.3037,8656.343,0.939729634,1.272504709,,
682,1295.5499,8272.46,1280.1766,8746.422,0.939729634,1.272504709,,
683,1317.1001,8739.03,1278.3116,8634.77,0.939729634,1.272504709,,
684,1324.25,8134.9204,1277.1042,8523.314,0.939729634,1.272504709,,
685,1335.05,7675.8,1310.3582,8679.463,0.939729634,1.272504709,,
686,1335.5,7786.04,1317.8673,8462.888,4.985520793,0.636252355,,
687,1340.6499,7803.23,1328.0049,8042.6123,4.985520793,0.636252355,,
688,1328.6,7640.6104,1285.4465,7919.4673,4.985520793,0.636252355,,
689,1324.3,8020.3804,1339.1781,7973.2637,4.985520793,0.636252355,,
690,1332.35,7917.58,1331.3961,7858.164,4.985520793,0.636252355,,
691,1335.8999,8173.06,1319.097,7962.793,4.985520793,0.636252355,,
692,1351.25,8237.88,1332.5797,7952.9033,4.985520793,0.636252355,,
693,1341.3,8978.99,1333.4387,7459.255,4.985520793,0.636252355,,
694,1341.3501,9327.4795,1329.6914,8628.928,2.492760396,1.064041116,,
695,1344.0499,9076.18,1342.1681,8653.414,2.492760396,1.064041116,,
696,1379.5,9281.7,1340.8746,8813.828,2.492760396,1.064041116,,
697,1397.15,9531.35,1341.0354,8038.3267,2.492760396,1.064041116,,
698,1405.7001,10814.48,1357.4937,9865.022,2.492760396,1.064041116,,
699,1431.4,11017.5,1369.0361,10289.922,2.492760396,1.064041116,,
700,1403.9501,11766.399,1384.5508,10610.889,2.492760396,1.064041116,,
701,1402.5,12932.55,1395.4427,10970.003,2.492760396,1.064041116,,
702,1409,11132.85,1405.4662,11415.328,2.492760396,1.064041116,,
703,1390.1,10737.7295,1399.5723,8986.735,2.492760396,1.064041116,,
704,1391.05,10578.72,1395.4359,11875.755,2.492760396,1.064041116,,
705,1413.5,10805.399,1423.1638,11940.317,2.492760396,1.064041116,,
706,1414.8999,11984.76,1375.4865,10914.947,2.492760396,1.064041116,,
707,1388.65,11160.489,1402.3909,10868.758,2.492760396,1.064041116,,
708,1400.1,11477.01,1360.1224,11064.211,2.492760396,1.064041116,,
709,1391.55,12313.079,1396.7625,11503.434,2.492760396,1.064041116,,
710,1408.2999,12586.78,1400.9083,11365.43,6.699102447,0.532020558,,
711,1413.75,12099.899,1399.1234,11515.843,6.699102447,0.532020558,,
712,1407.6,11352.87,1393.0287,12130.656,6.699102447,0.532020558,,
713,1412.4,10186.96,1391.9161,10814.5625,6.699102447,0.532020558,,
714,1409.85,10873.499,1410.6775,11915.968,6.699102447,0.532020558,,
715,1410.35,9397.72,1303.7056,11089.077,6.699102447,0.532020558,,
716,1417.4501,9674.279,1404.3025,11015.9375,6.699102447,0.532020558,,
717,1439.7,10638.56,1283.8163,10227.839,6.699102447,0.532020558,,
718,1427.75,10587.41,1406.9677,10020.021,6.699102447,0.532020558,,
719,1425.5499,10323.619,1372.165,10705.537,6.699102447,0.532020558,,
720,1426.9501,9844.3,1436.6813,9190.143,6.699102447,0.532020558,,
721,1416.1,9772.17,1407.3206,10426.492,6.699102447,0.532020558,,
722,1420.4,9875.17,1424.2994,10185.51,6.699102447,0.532020558,,
723,1419.0499,9529.999,1416.2853,10084.729,6.699102447,0.532020558,,
724,1425.9,9501.329,1418.3385,6843.095,6.699102447,0.532020558,,
725,1427.55,9589.129,1364.5514,9715.092,3.349551224,1.302729374,,
726,1406.8,10084.7,1334.1332,9810.69,3.349551224,1.302729374,,
727,1441.75,10407.17,1426.5785,9709.337,3.349551224,1.302729374,,
728,1465.25,10980.2295,1408.5189,10368.869,3.349551224,1.302729374,,
729,1465.25,11787.99,1429.1989,10633.291,3.349551224,1.302729374,,
730,1506.05,11465.67,1429.5889,10920.759,3.349551224,1.302729374,,
731,1495.75,11960.82,1396.4613,10869.216,3.349551224,1.302729374,,
732,1497.7,11996.41,1320.0243,8959.862,3.349551224,1.302729374,,
733,1504.7,11566.84,1496.377,11956.752,3.349551224,1.302729374,,
734,1498.4,11386.26,1487.6362,11779.177,3.349551224,1.302729374,,
735,1513.25,10858.119,1501.633,11634.469,8.346071341,0.651364687,,
736,1515.65,10016.959,1484.8364,11544.196,8.346071341,0.651364687,,
737,1515.25,10302.17,1504.5343,11132.466,8.346071341,0.651364687,,
738,1496.6001,10317.6,1504.9318,10396.835,8.346071341,0.651364687,,
739,1504.5499,10917.26,1502.9171,10467.614,8.346071341,0.651364687,,
740,1503.25,10760.56,1505.084,10336.115,8.346071341,0.651364687,,
741,1502.05,10129.399,1459.5898,10607.156,8.346071341,0.651364687,,
742,1503.8,10111.9795,1484.0258,10704.499,8.346071341,0.651364687,,
743,1532.95,10360.279,1505.482,10229.289,8.346071341,0.651364687,,
744,1537.1499,10171.95,1518.9427,10176.62,8.346071341,0.651364687,,
745,1540.2,9717.819,1520.2397,10284.39,8.346071341,0.651364687,,
746,1528.3999,9484.55,1508.3759,10243.618,8.346071341,0.651364687,,
747,1525.95,9769.789,1537.0475,8736.981,8.346071341,0.651364687,,
748,1537.85,10386.64,1519.5029,9728.25,4.173035671,1.356137638,,
749,1546.1,10621.289,1529.0947,9694.127,4.173035671,1.356137638,,
750,1529.1,10584.16,1538.934,10044.02,4.173035671,1.356137638,,
751,1523.7,10577.8,1543.4956,10470.927,4.173035671,1.356137638,,
752,1509.2,10406.31,1532.4807,10533.198,4.173035671,1.356137638,,
753,1498.25,10313.659,1530.1304,10541.51,4.173035671,1.356137638,,
754,1490.65,10101.03,1495.7794,9884.096,4.173035671,1.356137638,,
755,1515.2,10159.32,1510.4142,10313.01,4.173035671,1.356137638,,
756,1503.1001,10420.16,1492.7555,10137.839,4.173035671,1.356137638,,
757,1497.2001,10310.43,1504.1324,8807.034,4.173035671,1.356137638,,
758,1502.1,10265.629,1503.8347,10387.667,2.086517835,1.698235002,,
759,1503.5,10190.359,1482.8395,10411.076,2.086517835,1.698235002,,
760,1500.7001,10157.59,1499.8005,10351.972,2.086517835,1.698235002,,
761,1501.9,10275.88,1483.6975,10293.757,2.086517835,1.698235002,,
762,1522.1,10033.05,1490.782,10299.163,2.086517835,1.698235002,,
763,1520.6499,9683.38,1501.5941,10182.036,2.086517835,1.698235002,,
764,1528.75,8553.609,1459.1237,10120.075,2.086517835,1.698235002,,
765,1506.4,8432.23,1511.5896,9922.657,2.086517835,1.698235002,,
766,1489.8999,8055.64,1515.6624,9322.97,2.086517835,1.698235002,,
767,1485.2999,8056.7397,1520.1377,8158.6226,2.086517835,1.698235002,,
768,1473.45,8307.74,1506.244,8496.529,2.086517835,1.698235002,,
769,1492.6,8322.92,1489.3413,8182.0723,2.086517835,1.698235002,,
770,1517.1,8382.03,1479.2604,7821.1025,2.086517835,1.698235002,,
771,1499.15,8236.17,1485.57,8306.351,2.086517835,1.698235002,,
772,1501.2499,7869.74,1477.237,8133.9033,2.086517835,1.698235002,,
773,1505.85,8212.02,1501.8607,8249.699,2.086517835,1.698235002,,
774,1507.25,8190,1503.8735,7101.676,2.086517835,1.698235002,,
775,1494.8,8587.92,1505.0083,8123.4536,10.10601865,0,,
776,1479.15,8586.9,1503.0946,6454.994,10.10601865,0,,
777,1490.6,8283.76,1507.1968,8393.59,10.10601865,0,,
778,1487.8,8353.54,1496.0032,8455.221,10.10601865,0,,
779,1485.1,8162.16,1492.0936,8377.943,10.10601865,0,,
780,1492.65,8002.51,1484.6359,8434.775,10.10601865,0,,
781,1490,8076.7803,1479.201,8191.0723,10.10601865,0,,
782,1491.65,8231.06,1408.8722,8041.5815,10.10601865,0,,
783,1485.35,8222.5205,1490.6893,8065.744,10.10601865,0,,
784,1494.45,8026.76,1492.5753,8102.341,10.10601865,0,,
785,1496.55,7469.56,1489.8667,5846.841,10.10601865,0,,
786,1513.45,7431.88,1488.1747,8230.501,10.10601865,0,,
787,1492.3999,9551.54,1495.3207,8022.1094,10.10601865,0,,
788,1486.75,9218.759,1503.8497,8480.57,10.10601865,0,,
789,1492.1,9433.35,1499.1415,9272.407,10.10601865,0,,
790,1510.95,9164.619,1493.8837,9265.051,10.10601865,0,,
791,1508.7999,9147.9795,1494.3104,9442.401,10.10601865,0,,
792,1509.45,9206.159,1502.6199,9352.195,10.10601865,0,,
793,1488.9501,9418.05,1502.4031,9298.008,10.10601865,0,,
794,1486.05,9310.189,1510.5894,9356.178,10.10601865,0,,
795,1484.25,9343.34,1485.7285,9404.672,10.10601865,0,,
796,1464.15,9204.24,1494.2446,9357.059,10.10601865,0,,
797,1458.7,9037.119,1489.7069,9153.659,10.10601865,0,,
798,1452.0499,8717.81,1480.1189,6115.5713,10.10601865,0,,
799,1462.9,8801.52,1465.7552,9068.666,10.10601865,0,,
800,1466.65,8762.42,1461.1578,8895.488,10.10601865,0,,
801,1466.8999,8632.319,1461.2827,8878.043,10.10601865,0,,
802,1467.65,8503.93,1456.3284,8519.405,10.10601865,0,,
803,1468.45,8175.99,1460.6556,8473.011,10.10601865,0,,
804,1471.7,8120.8,1445.1455,8547.489,10.10601865,0,,
805,1467.05,8081.8096,1471.0574,8485.798,10.10601865,0,,
806,1464.45,7617.0703,1474.7014,8484.141,10.10601865,0,,
807,1458.4,6907.4004,1472.1765,7763.1675,10.10601865,0,,
808,1454.65,7130.25,1471.1163,6533.533,10.10601865,0,,
809,1454.35,7163.6304,1435.8258,7009.131,10.10601865,0,,
810,1454.65,7523.8306,1460.911,7130.8306,10.10601865,0,,
811,1460.15,7431,1455.6986,6808.2686,10.10601865,0,,
812,1461.15,7402.6904,1455.3182,7630.7,10.10601865,0,,
813,1477.3,7309.5903,1459.744,7611.291,10.10601865,0,,
814,1475.1,7296.77,1460.4788,7587.1787,10.10601865,0,,
815,1475.9501,7192.8506,1470.6655,7519.9985,10.10601865,0,,
816,1459.65,7395.97,1475.9595,7496.208,10.10601865,0,,
817,1461.7,7522.39,1477.6693,7525.155,10.10601865,0,,
818,1464.95,7337.42,1475.4365,7520.2627,10.10601865,0,,
819,1466.7999,7220.7603,1467.5698,7344.3403,10.10601865,0,,
820,1467.8,7202.31,1468.7656,7463.3843,10.10601865,0,,
821,1466.6,7189.16,1466.5896,7158.955,10.10601865,0,,
822,1477.9,7111.14,1468.7723,7392.5884,10.10601865,0,,
823,1475.7999,6879.54,1468.5344,7171.32,10.10601865,0,,
824,1474.0499,6612.12,1474.8733,7169.0386,10.10601865,0,,
825,1476.7,7284.2905,1475.2034,7076.0454,10.10601865,0,,
826,1479,7150.8604,1476.0848,6791.051,10.10601865,0,,
827,1482.1,7514.41,1469.7725,7094.8677,10.10601865,0,,
828,1482.1,7322.08,1478.3186,7117.91,10.10601865,0,,
829,1511.5,7194.4004,1481.1067,7321.8833,10.10601865,0,,
830,1514.75,7385.3604,1478.887,7260.133,10.10601865,0,,
831,1514.75,7219.6,1493.9441,7272.5815,10.10601865,0,,
832,1527.1,7175.68,1497.7844,7294.541,10.10601865,0,,
833,1548.75,6944.33,1511.6567,7172.5835,10.10601865,0,,
834,1573.1,7351.5703,1337.0354,7176.259,10.10601865,0,,
835,1567.85,7759.24,1522.1033,7219.125,5.605793637,1.062645313,,
836,1571.95,8165.47,1531.7344,7293.5776,5.605793637,1.062645313,,
837,1550.75,8042.65,1557.9994,7502.3765,5.605793637,1.062645313,,
838,1553.6,7817.92,1565.0999,7812.4375,5.605793637,1.062645313,,
839,1549.9,8173.97,1528.0323,7981.4297,5.605793637,1.062645313,,
840,1545.1,8105.2397,1562.919,8075.2056,5.605793637,1.062645313,,
841,1549,8842.42,1544.4781,8110.171,5.605793637,1.062645313,,
842,1554.55,8813.89,1543.3242,8431.642,5.605793637,1.062645313,,
843,1557.6,8722.03,1541.8118,8528.877,5.605793637,1.062645313,,
844,1560.15,8703.359,1549.2585,8845.755,5.605793637,1.062645313,,
845,1551.2999,8626.47,1547.2253,7664.24,5.605793637,1.062645313,,
846,1556.9,8722.26,1544.4622,8798.597,5.605793637,1.062645313,,
847,1562.9,8658.94,1548.8151,8698.702,5.605793637,1.062645313,,
848,1564.2999,8388.11,1549.5664,8759.527,5.605793637,1.062645313,,
849,1580.1,8588.42,1540.1338,8285.623,5.605793637,1.062645313,,
850,1574,8895.779,1557.3749,8388.935,5.605793637,1.062645313,,
851,1573.4501,9385.69,1548.1908,8459.057,5.605793637,1.062645313,,
852,1578.25,9279.81,1570.3792,8639.639,5.605793637,1.062645313,,
853,1584.2,9502.37,1574.2147,8989.015,5.605793637,1.062645313,,
854,1574.75,9314.56,1572.8087,6400.394,5.605793637,1.062645313,,
855,1558.35,9162.14,1562.8031,9501.698,2.802896818,1.723867682,,
856,1553.3,9162.14,1571.9475,9387.648,2.802896818,1.723867682,,
857,1563.3,9614.899,1564.047,9300.38,2.802896818,1.723867682,,
858,1572.6499,9755.659,1550.3043,9257.555,2.802896818,1.723867682,,
859,1573.2,10162.409,1561.155,9686.246,2.802896818,1.723867682,,
860,1570.5,9854.79,1555.5791,9827.343,2.802896818,1.723867682,,
861,1563.7,10275.38,1565.0166,10167.632,2.802896818,1.723867682,,
862,1575.0499,10354.3,1558.2456,9943.326,8.178733125,0.861933841,,
863,1581.4,10242.43,1563.4574,10131.187,8.178733125,0.861933841,,
864,1580.7999,9937.67,1569.5919,10341.533,8.178733125,0.861933841,,
865,1589.85,9703.93,1561.0963,10255.978,8.178733125,0.861933841,,
866,1604.2,10180.649,1583.5302,9947.369,8.178733125,0.861933841,,
867,1619,9604.72,1559.9181,9927.626,8.178733125,0.861933841,,
868,1643.2999,9606.86,1595.751,10039.742,8.178733125,0.861933841,,
869,1671.65,9989.39,1599.3046,9647.999,8.178733125,0.861933841,,
870,1650.3,9663.749,1606.9346,9690.207,8.178733125,0.861933841,,
871,1634.9,9309.149,1580.9248,9891.506,8.178733125,0.861933841,,
872,1652,8785.52,1623.2039,9528.63,8.178733125,0.861933841,,
873,1609.85,8804.72,1636.3204,9716.964,8.178733125,0.861933841,,
874,1599.6499,8912.819,1637.5677,8623.51,8.178733125,0.861933841,,
875,1615.5,8912.819,1602.443,8598.489,8.178733125,0.861933841,,
876,1641.85,8754.339,1574.7505,8800.751,8.178733125,0.861933841,,
877,1659.6,8758.899,1597.6782,8831.209,8.178733125,0.861933841,,
878,1683.6499,9067.39,1619.3937,8891.479,8.178733125,0.861933841,,
879,1672.5,8039.3794,1623.0121,9016.544,8.178733125,0.861933841,,
880,1655.7,7931.94,1622.0706,9093.742,8.178733125,0.861933841,,
881,1653.75,7885.4604,1663.3522,8716.285,8.178733125,0.861933841,,
882,1570.7,7936.6504,1643.066,8521.932,8.178733125,0.861933841,,
883,1562.8,4830.21,1604.0236,8025.1885,8.178733125,0.861933841,,
884,1487.7,5348.44,1599.1783,5834.766,8.178733125,0.861933841,,
885,1536.2001,5026.35,1584.9758,5326.0757,8.178733125,0.861933841,,
886,1498.2,5357.6104,1543.2014,5403.3125,8.178733125,0.861933841,,
887,1474.25,5410.23,1538.7535,5147.8706,4.089366563,1.98315116,,
888,1494.4,6195.2,1516.4807,5545.5635,4.089366563,1.98315116,,
889,1525.3999,5822.62,1496.7477,5684.796,4.089366563,1.98315116,,
890,1605.7499,6502.16,1502.5519,6152.894,4.089366563,1.98315116,,
891,1605.45,6768.49,1509.7566,6087.131,4.089366563,1.98315116,,
892,1634.8,6698.46,1557.1849,6258.392,4.089366563,1.98315116,,
893,1617.2999,6763.75,1581.1781,6371.0576,4.089366563,1.98315116,,
894,1618.3,5885.41,1613.2139,6427.5654,4.089366563,1.98315116,,
895,1608.95,6405.29,1606.0658,6464.422,4.089366563,1.98315116,,
896,1576.55,6428.28,1585.4647,6099.877,4.089366563,1.98315116,,
897,1616.7999,6652.87,1610.2382,6251.677,4.089366563,1.98315116,,
898,1613.1,6809.1104,1597.2556,6413.585,4.089366563,1.98315116,,
899,1648.3,6777.44,1595.8159,6727.474,4.089366563,1.98315116,,
900,1649.25,7343.2,1596.9363,6816.0645,4.089366563,1.98315116,,
901,1647.8,7205.5503,1613.4382,6869.821,4.089366563,1.98315116,,
902,1680.6499,7365.0303,1629.9265,6996.947,4.089366563,1.98315116,,
903,1741.9,6857.66,1635.2789,6689.251,4.089366563,1.98315116,,
904,1718.65,6871.95,1642.0045,6931.6313,4.089366563,1.98315116,,
905,1729.5,6623.8,1660.8677,6954.473,4.089366563,1.98315116,,
906,1692.5499,7112.2705,1663.3251,6900.5195,4.089366563,1.98315116,,
907,1686.2001,7130.04,1653.064,7045.497,4.089366563,1.98315116,,
908,1682.05,6840.24,1688.8358,7217.2583,4.089366563,1.98315116,,
909,1710.5499,6852.52,1660.5579,7188.052,2.044683281,2.443699597,,
910,1736.2499,7130.99,1659.546,6921.547,2.044683281,2.443699597,,
911,1715.9,7477.6,1665.5197,7004.219,2.044683281,2.443699597,,
912,1714.95,7699.27,1671.6267,7401.703,2.044683281,2.443699597,,
913,1691.55,7790.66,1687.3928,7627.5176,2.044683281,2.443699597,,
914,1703.35,7765.33,1667.7089,7604.7744,2.044683281,2.443699597,,
915,1702.75,8777.63,1687.9098,7661.5483,2.044683281,2.443699597,,
916,1686.25,8628.7705,1685.853,7762.716,2.044683281,2.443699597,,
917,1709.1,8903.949,1688.1312,8700.819,2.044683281,2.443699597,,
918,1699.5499,8885.93,1684.329,8850.738,2.044683281,2.443699597,,
919,1691.5,9030.96,1672.9977,8928.085,2.044683281,2.443699597,,
920,1704.0499,9170.79,1690.0736,8918.999,2.044683281,2.443699597,,
921,1702.75,8754.459,1644.7876,8805.224,2.044683281,2.443699597,,
922,1702.3999,8617.25,1693.6807,7046.3887,2.044683281,2.443699597,,
923,1708.3999,8814.529,1689.4833,6324.9067,2.044683281,2.443699597,,
924,1731.6,9305.93,1687.3613,9149.081,1.022341641,2.70585998,,
925,1735.35,9790.31,1692.031,8839.448,1.022341641,2.70585998,,
926,1734.7,9669.399,1697.3784,9388.692,1.022341641,2.70585998,,
927,1737.95,9719.37,1715.1743,9313.572,1.022341641,2.70585998,,
928,1748.3,9785.739,1690.0637,9607.198,1.022341641,2.70585998,,
929,1724.8999,9510.67,1715.451,9591.541,1.022341641,2.70585998,,
930,1733.55,9057.57,1722.615,9747.8125,1.022341641,2.70585998,,
931,1720.2499,8899.66,1721.5946,9137.429,1.022341641,2.70585998,,
932,1694.6,8842.85,1687.3121,7726.8516,1.022341641,2.70585998,,
933,1717.35,9197.539,1698.1732,8922.239,1.022341641,2.70585998,,
934,1728.7001,9569.21,1699.5415,8882.359,1.022341641,2.70585998,,
935,1730.6,9450.839,1698.5432,9403.647,1.022341641,2.70585998,,
936,1742.1499,10204.2295,1704.1082,9605.118,1.022341641,2.70585998,,
937,1705.35,9525.569,1706.5944,9542.622,1.022341641,2.70585998,,
938,1700.0499,9658.04,1726.8965,9904.616,1.022341641,2.70585998,,
939,1683.45,9794.56,1709.4974,9803.954,1.022341641,2.70585998,,
940,1690.35,9753.85,1715.8949,9658.954,1.022341641,2.70585998,,
941,1713.5,9782.59,1692.7996,9344.901,1.022341641,2.70585998,,
942,1722.0499,9775.149,1691.657,9643.635,1.022341641,2.70585998,,
943,1738.25,9892.129,1690.0928,9771.931,1.022341641,2.70585998,,
944,1733.5,9286.42,1693.9838,6094.9,1.022341641,2.70585998,,
945,1710.45,9330.07,1705.5509,9294.762,0.51117082,2.842249172,,
946,1719.85,9426.7,1703.1954,9585.904,0.51117082,2.842249172,,
947,1724.35,9526,1691.8,9411.352,0.51117082,2.842249172,,
948,1719.5,9454.81,1715.5157,9440.251,0.51117082,2.842249172,,
949,1734.75,9380.03,1710.4146,9477.033,0.51117082,2.842249172,,
950,1761.85,9284.78,1710.047,9406.511,0.51117082,2.842249172,,
951,1768.9,9691.899,1716.5876,9429.745,0.51117082,2.842249172,,
952,1766.0499,9621.49,1728.2867,8545.416,0.51117082,2.842249172,,
953,1756.55,9276.579,1725.7733,9567.557,0.51117082,2.842249172,,
954,1747.6,9240.85,1752.3815,9564.136,0.51117082,2.842249172,,
955,1771.6,9127.47,1759.3965,7463.8013,0.51117082,2.842249172,,
956,1768.1,9185.35,1733.2172,9153.903,0.51117082,2.842249172,,
957,1771.0499,9133.97,1758.5825,9139.753,0.51117082,2.842249172,,
958,1777.45,9236.379,1740.3695,8964.477,0.51117082,2.842249172,,
959,1772.9,9087.9795,1749.495,9180.038,0.51117082,2.842249172,,
960,1787.9,9089.089,1735.7875,9047.695,0.51117082,2.842249172,,
961,1789.55,9348.909,1762.733,8254.737,0.51117082,2.842249172,,
962,1811.1,9256.2295,1759.096,7794.0303,0.51117082,2.842249172,,
963,1812.1,9440.07,1762.5927,9241.699,0.51117082,2.842249172,,
964,1803.1,9238.04,1769.3103,9271.097,0.51117082,2.842249172,,
965,1807.5,9295.899,1758.5737,9421.213,0.51117082,2.842249172,,
966,1801.9,9238.13,1757.9707,9281.893,0.51117082,2.842249172,,
967,1804.6,9254.52,1727.4489,9092.461,0.51117082,2.842249172,,
968,1807.7,9193.51,1784.9353,9320.021,0.51117082,2.842249172,,
969,1807.35,9131,1776.1359,9323.391,0.51117082,2.842249172,,
970,1815.65,9214.659,1790.8062,8624.038,0.51117082,2.842249172,,
971,1842.5499,9163.87,1762.4713,9191.722,0.51117082,2.842249172,,
972,1852.3999,9392.66,1762.7965,9214.6,0.51117082,2.842249172,,
973,1878.2999,9537.399,1810.3584,8660.096,0.51117082,2.842249172,,
974,1902.1,9613.109,1818.2004,9339.195,0.51117082,2.842249172,,
975,1936.6499,9938.829,1800.7416,9582.601,0.51117082,2.842249172,,
976,1940.9,11042.399,1859.673,9675.12,0.51117082,2.842249172,,
977,1950.8999,10934.939,1877.2158,6520.686,0.51117082,2.842249172,,
978,1957.65,11102.67,1879.8688,10605.599,0.25558541,2.912885515,,
979,1964.8999,11114.93,1842.6143,10631.775,0.25558541,2.912885515,,
980,1958.5499,11077.77,1925.658,9422.986,0.25558541,2.912885515,,
981,1977.8999,11242.57,1919.7466,10769.411,0.25558541,2.912885515,,
982,2048.15,11194.25,1887.8973,11180.774,0.25558541,2.912885515,,
983,2067.15,11750.279,1918.9088,11324.765,0.25558541,2.912885515,,
984,2031.1499,11772.939,1889.2592,11358.078,0.25558541,2.912885515,,
985,2044.5,11684.06,1947.3573,11460.25,0.25558541,2.912885515,,
986,1939.65,11893.029,2006.8495,11734.153,0.25558541,2.912885515,,
987,1931.8999,11392.43,1982.8771,10519.628,8.43084582,1.456442757,,
988,1944.2501,11573.109,1868.7401,11816.354,8.43084582,1.456442757,,
989,1944.75,11777.43,1941.7949,11646.348,8.43084582,1.456442757,,
990,1972.85,11914.009,1920.4751,8086.493,8.43084582,1.456442757,,
991,2008.75,12293.72,1904.9495,11739.244,8.43084582,1.456442757,,
992,1980.9999,11969.53,1936.484,10508.672,8.43084582,1.456442757,,
993,1927.1499,11733.999,1944.5913,12064.336,8.43084582,1.456442757,,
994,1924.35,11865.819,1898.7977,12070.828,8.43084582,1.456442757,,
995,1943.95,11653.02,1938.4166,10039.464,8.43084582,1.456442757,,
996,1911.15,11763.93,1933.6642,11697.411,8.43084582,1.456442757,,
997,1932.95,11337.399,1930.686,11694.4375,8.43084582,1.456442757,,
998,1923.8499,11467.37,1924.1453,11616.148,8.43084582,1.456442757,,
999,1957.35,11302.01,1930.2322,11623.697,8.43084582,1.456442757,,
1000,1972.3499,11659.569,1921.9103,7942.73,8.43084582,1.456442757,,
1001,1947.0499,11923.249,1923.7687,11521.02,4.21542291,2.43565244,,
1002,1940.45,11397.439,1945.7084,11589.775,4.21542291,2.43565244,,
1003,1926.3,10187.51,1940.828,11850.403,4.21542291,2.43565244,,
1004,1928.45,10254.93,1943.039,9012.793,4.21542291,2.43565244,,
1005,1910.95,10367.74,1896.9341,10371.554,4.21542291,2.43565244,,
1006,1947.2,10121.52,1928.2188,10275.882,4.21542291,2.43565244,,
1007,1966.25,10227.83,1918.7115,10328.507,4.21542291,2.43565244,,
1008,1947.3999,10352.66,1919.4718,10209.0205,4.21542291,2.43565244,,
1009,1958.7001,10330.7705,1922.9794,10339.289,4.21542291,2.43565244,,
1010,1949.35,10674.64,1940.3228,10480.56,4.21542291,2.43565244,,
1011,1961.7999,10785.62,1952.1309,10402.654,4.21542291,2.43565244,,
1012,1936.2499,10948.43,1947.4675,10104.274,4.21542291,2.43565244,,
1013,1950.8501,10943.89,1921.7761,10731.738,4.21542291,2.43565244,,
1014,1909.3501,10919.649,1940.4954,10974.4,4.21542291,2.43565244,,
1015,1906,10430.459,1937.3843,11039.063,4.21542291,2.43565244,,
1016,1873.4,10532.22,1928.9882,10967.431,4.21542291,2.43565244,,
1017,1861.75,10234.4795,1909.8414,10692.646,4.21542291,2.43565244,,
1018,1859.7001,10732.43,1896.0697,10782.955,4.21542291,2.43565244,,
1019,1864.2999,10774.239,1874.8453,9993.312,4.21542291,2.43565244,,
1020,1883.9501,10692.33,1841.4961,10668.637,4.21542291,2.43565244,,
1021,1886.9001,10840.8,1868.638,10774.436,4.21542291,2.43565244,,
1022,1901.9999,10777.92,1875.0062,10659.018,4.21542291,2.43565244,,
1023,1903.0499,10619.239,1882.81,10775.938,4.21542291,2.43565244,,
1024,1909.5999,10673.46,1894.6549,10716.837,4.21542291,2.43565244,,
1025,1913.3999,10788.56,1898.9454,10688.151,4.21542291,2.43565244,,
1026,1884.5,10603.74,1905.738,10645.883,4.21542291,2.43565244,,
1027,1887.45,10670.799,1905.9572,10707.193,4.21542291,2.43565244,,
1028,1923.2499,10923.3,1886.0541,10694.134,4.21542291,2.43565244,,
1029,1925.4999,11376.61,1894.9508,10965.073,4.21542291,2.43565244,,
1030,1891.2999,11540.039,1913.1605,11115.966,4.21542291,2.43565244,,
1031,1910.0499,11428.24,1911.5134,11235.317,4.21542291,2.43565244,,
1032,1891.8999,11431.32,1899.4474,11502.082,4.21542291,2.43565244,,
1033,1905.05,11503.7295,1899.122,11498.188,4.21542291,2.43565244,,
1034,1905.6,11508.199,1898.174,11370.862,4.21542291,2.43565244,,
1035,1898.4,11758.159,1897.3341,11525.408,4.21542291,2.43565244,,
1036,1924.15,11925.46,1903.5742,11523.551,4.21542291,2.43565244,,
1037,1900.9498,12831.56,1900.2567,11648.606,4.21542291,2.43565244,,
1038,1903.6499,12990.25,1913.9786,10929.871,4.21542291,2.43565244,,
1039,1898.4501,13036.77,1907.242,12853.431,4.21542291,2.43565244,,
1040,1905.6998,13076.369,1895.4288,13026.336,4.21542291,2.43565244,,
1041,1869.95,13651.47,1901.0194,12980.874,4.21542291,2.43565244,,
1042,1870.2999,13289,1903.1561,12718.412,4.21542291,2.43565244,,
1043,1881.85,13458.66,1887.5894,13211.936,4.21542291,2.43565244,,
1044,1889.9,13758.88,1886.9578,13514.79,4.21542291,2.43565244,,
1045,1908.3,13575.169,1880.9012,7183.9053,12.58885818,1.21782622,,
1046,1900.1499,14023.31,1884.5863,13702.283,6.29442909,2.799922696,,
1047,1938.4501,14155.59,1891.9684,13579.71,6.29442909,2.799922696,,
1048,1940.7999,15591.39,1896.7471,14020.286,6.29442909,2.799922696,,
1049,1867.2999,15490.6,1920.5754,14064.856,6.29442909,2.799922696,,
1050,1878.7001,15328.53,1934.3691,15053.405,6.29442909,2.799922696,,
1051,1860.9501,15317.04,1900.6974,9361.813,6.29442909,2.799922696,,
1052,1874.85,15708.649,1887.4772,15069.331,6.29442909,2.799922696,,
1053,1890.8999,16295.571,1859.4149,15144.066,6.29442909,2.799922696,,
1054,1885.6,15968.16,1875.654,15749.4795,6.29442909,2.799922696,,
1055,1889.0499,16725.15,1881.6409,15940.51,6.29442909,2.799922696,17.67994582,1.399961348
1056,1876.1,17679.72,1887.8542,16287.347,6.29442909,2.799922696,17.67994582,1.399961348
1057,1857.35,17798.45,1887.9557,7667.216,6.29442909,2.799922696,17.67994582,1.399961348
1058,1875.7001,17820.57,1873.5887,11500.566,6.29442909,2.799922696,8.839972911,3.489624422
1059,1840.2,18422.281,1878.3451,17808.086,6.29442909,2.799922696,8.839972911,3.489624422
1060,1799.6,18398.91,1875.735,14912.805,6.29442909,2.799922696,8.839972911,3.489624422
1061,1810.2001,19172.52,1867.1025,18263.373,6.29442909,2.799922696,8.839972911,3.489624422
1062,1807.4,18739.799,1842.2983,17538.75,6.29442909,2.799922696,25.22445634,1.744812211
1063,1779.2999,17151.44,1834.2852,18110.348,6.29442909,2.799922696,25.22445634,1.744812211
1064,1762.5499,18191.6,1827.34,18530.275,6.29442909,2.799922696,25.22445634,1.744812211
1065,1810.75,19709.73,1804.2876,16610.883,6.29442909,2.799922696,25.22445634,1.744812211
1066,1822.6,18792.52,1795.4008,15250.729,6.29442909,2.799922696,25.22445634,1.744812211
1067,1832.35,19226.969,1806.9924,17359.629,6.29442909,2.799922696,25.22445634,1.744812211
1068,1843,19454.541,1802.5804,18191.018,6.29442909,2.799922696,25.22445634,1.744812211
1069,1859.95,19377.66,1834.62,18360.422,6.29442909,2.799922696,33.67631622,0.872406106
1070,1868.15,19181.408,1840.3417,18632.188,6.29442909,2.799922696,33.67631622,0.872406106
1071,1841.75,18318.871,1851.0658,8072.1416,6.29442909,2.799922696,33.67631622,0.872406106
1072,1844.35,18554.15,1862.0907,17833.156,6.29442909,2.799922696,16.83815811,4.579203948
1073,1842,18247.76,1860.897,18089.975,6.29442909,2.799922696,16.83815811,4.579203948
1074,1831.1499,19164.48,1856.7661,17693.93,6.29442909,2.799922696,16.83815811,4.579203948
1075,1850.6499,19276.59,1853.9819,17839.586,6.29442909,2.799922696,16.83815811,4.579203948
1076,1851.95,19439.748,1851.623,17830.365,6.29442909,2.799922696,16.83815811,4.579203948
1077,1890.75,21379.48,1848.903,17645.838,6.29442909,2.799922696,16.83815811,4.579203948
1078,1879.75,22847.46,1853.4016,19175.166,6.29442909,2.799922696,16.83815811,4.579203948
1079,1880,23490.58,1869.3308,20417.79,6.29442909,2.799922696,16.83815811,4.579203948
1080,1877.1,22745.48,1863.0896,21828.816,6.29442909,2.799922696,16.83815811,4.579203948
1081,1874.9999,23824.99,1865.0135,22720.096,6.29442909,2.799922696,16.83815811,4.579203948
1082,1874.9999,23253.371,1882.663,18675.709,6.29442909,2.799922696,43.61500321,2.289601974
1083,1874.2999,27036.69,1877.5204,7107.2515,6.29442909,2.799922696,43.61500321,2.289601974
1084,1887.6,27376.37,1878.751,17889.037,6.29442909,2.799922696,21.8075016,7.8200476
1085,1887.6,28856.59,1870.8081,26884.395,6.29442909,2.799922696,21.8075016,7.8200476
1086,1943.2001,33000.777,1881.3147,27984.053,6.29442909,2.799922696,21.8075016,7.8200476
1087,1940.3499,32035.033,1886.1392,29096.348,6.29442909,2.799922696,21.8075016,7.8200476
1088,1931.95,34046.668,1914.8309,29951.023,6.29442909,2.799922696,79.71240949,3.9100238
1089,1920.1001,36860.41,1913.217,30811.977,6.29442909,2.799922696,79.71240949,3.9100238
1090,1862.9,39486.04,1922.166,33579.87,6.29442909,2.799922696,79.71240949,3.9100238
1091,1847.2499,38240.09,1922.0259,11822.974,6.29442909,2.799922696,112.4999438,1.9550119
1092,1841.25,35544.938,1897.6617,40118.07,6.29442909,2.799922696,56.24997189,10.73362773
1093,1858.85,34011.82,1873.1039,26848.82,6.29442909,2.799922696,56.24997189,10.73362773
1094,1841.75,37393.133,1851.3126,34529.715,6.29442909,2.799922696,56.24997189,10.73362773
1095,1838.9999,39158.47,1857.5256,33850.71,6.29442909,2.799922696,56.24997189,10.73362773
1096,1833.0499,35793.008,1855.8214,34298.62,6.29442909,2.799922696,56.24997189,10.73362773
1097,1834.7,36632.348,1849.4493,31349.52,6.29442909,2.799922696,56.24997189,10.73362773
1098,1856.6,36020.133,1844.2338,34696.5,6.29442909,2.799922696,56.24997189,10.73362773
1099,1862.1,35538.98,1843.5222,33643.402,6.29442909,2.799922696,56.24997189,10.73362773
1100,1852.7001,30797.879,1858.4578,31018.879,6.29442909,2.799922696,56.24997189,10.73362773
1101,1856.85,32276.84,1858.7006,33233.465,6.29442909,2.799922696,56.24997189,10.73362773
1102,1856.6,32243.26,1861.4835,32621.88,6.29442909,2.799922696,56.24997189,10.73362773
1103,1843,32541.8,1861.3456,32685.523,6.29442909,2.799922696,56.24997189,10.73362773
1104,1853.7,30419.168,1860.6411,29014.654,6.29442909,2.799922696,56.24997189,10.73362773
1105,1863.7999,33403.168,1858.5073,30301.883,6.29442909,2.799922696,56.24997189,10.73362773
1106,1862.95,33136.457,1859.1808,32701.094,6.29442909,2.799922696,56.24997189,10.73362773
1107,1833.1,33522.9,1861.3326,33881.277,6.29442909,2.799922696,56.24997189,10.73362773
1108,1835.45,35529.66,1858.0476,33791.973,6.29442909,2.799922696,56.24997189,10.73362773
1109,1785.9,37676.25,1855.8042,33544.207,6.29442909,2.799922696,56.24997189,10.73362773
1110,1802.95,37002.09,1853.7891,34717.68,6.29442909,2.799922696,56.24997189,10.73362773
1111,1835.25,38928.098,1816.3652,34854.242,6.29442909,2.799922696,56.24997189,10.73362773
1112,1839.6,46364.297,1832.39,30576.463,6.29442909,2.799922696,56.24997189,10.73362773
1113,1842.65,46589.58,1831.4935,36706.668,6.29442909,2.799922696,56.24997189,10.73362773
1114,1840.1,44878.168,1842.8683,40294.72,6.29442909,2.799922696,56.24997189,10.73362773
1115,1816.35,48013.38,1839.813,39012.656,6.29442909,2.799922696,56.24997189,10.73362773
1116,1817.3,48720.37,1845.626,40162.44,6.29442909,2.799922696,56.24997189,10.73362773
1117,1794.25,47951.85,1835.0487,45209.316,6.29442909,2.799922696,56.24997189,10.73362773
1118,1780.7,49160.1,1826.403,44154.867,6.29442909,2.799922696,183.1810907,5.366813866
1119,1773.15,52118.227,1825.5707,46772.27,6.29442909,2.799922696,183.1810907,5.366813866
1120,1786.2,51608.15,1807.9412,46917.246,6.29442909,2.799922696,183.1810907,5.366813866
1121,1807.45,57487.86,1796.8987,49428.973,6.29442909,2.799922696,183.1810907,5.366813866
1122,1799.65,54123.4,1788.957,48825.99,6.29442909,2.799922696,254.0434754,2.683406933
1123,1788,48880.43,1810.8848,53955.992,6.29442909,2.799922696,254.0434754,2.683406933
1124,1779.65,50624.84,1808.5151,52070.473,6.29442909,2.799922696,292.4209712,1.341703466
1125,1742.85,46800.418,1806.2382,44977.42,6.29442909,2.799922696,292.4209712,1.341703466
1126,1734.15,45113.918,1802.2229,47102.562,6.29442909,2.799922696,292.4209712,1.341703466
1127,1723.85,49618.43,1772.2383,45519.062,6.29442909,2.799922696,292.4209712,1.341703466
1128,1711.3999,48356.043,1770.0586,45052.316,6.29442909,2.799922696,292.4209712,1.341703466
1129,1712.1,50477.7,1761.7261,47501.7,6.29442909,2.799922696,292.4209712,1.341703466
1130,1696.25,48448.91,1742.9565,47713.504,6.29442909,2.799922696,292.4209712,1.341703466
1131,1687.0499,51169.7,1735.4385,48742.29,6.29442909,2.799922696,292.4209712,1.341703466
1132,1716.9,52299.332,1714.6832,39785.598,6.29442909,2.799922696,292.4209712,1.341703466
1133,1716.2,54881.52,1710.7235,49719.457,6.29442909,2.799922696,146.2104856,7.391040133
1134,1724.25,55997.23,1712.9343,50642.605,6.29442909,2.799922696,146.2104856,7.391040133
1135,1704.7999,57764,1720.8573,47777.496,6.29442909,2.799922696,146.2104856,7.391040133
1136,1723.6499,59133.47,1745.8444,52116.707,6.29442909,2.799922696,146.2104856,7.391040133
1137,1734.9999,55754.723,1735.8723,56460.855,6.29442909,2.799922696,146.2104856,7.391040133
1138,1729.6499,56872.383,1727.0032,59275.62,6.29442909,2.799922696,146.2104856,7.391040133
1139,1725.9,58913,1749.0906,56308.066,6.29442909,2.799922696,267.9775289,3.695520067
1140,1735.2001,57665.9,1746.6432,51046.64,6.29442909,2.799922696,267.9775289,3.695520067
1141,1736.1499,57411.168,1741.8396,54568.727,6.29442909,2.799922696,267.9775289,3.695520067
1142,1726.2,54204.96,1748.169,57737.406,6.29442909,2.799922696,267.9775289,3.695520067
1143,1730.5,54477.46,1752.0286,56294.13,6.29442909,2.799922696,267.9775289,3.695520067
1144,1737.2999,52508.23,1749.3024,53632.06,6.29442909,2.799922696,267.9775289,3.695520067
1145,1731.7999,51415.918,1745.5511,53146.527,6.29442909,2.799922696,267.9775289,3.695520067
1146,1705.95,55783.71,1750.6449,53279.152,6.29442909,2.799922696,267.9775289,3.695520067
1147,1683.95,57627.67,1751.581,54760.074,6.29442909,2.799922696,267.9775289,3.695520067
1148,1691.0499,58730.13,1737.1381,53596.082,6.29442909,2.799922696,267.9775289,3.695520067
1149,1726.0499,58735.25,1720.7119,55722.59,6.29442909,2.799922696,267.9775289,3.695520067
1150,1744.65,59054.098,1710.3566,54252.35,6.29442909,2.799922696,267.9775289,3.695520067
1151,1738.0499,58020.46,1715.9926,56899.574,6.29442909,2.799922696,267.9775289,3.695520067
1152,1755.5,55947.27,1737.7972,56873.246,6.29442909,2.799922696,267.9775289,3.695520067
1153,1741.2,58048.59,1748.8301,56425.94,65.20935875,1,267.9775289,3.695520067
1154,1732.85,59964.87,1756.8983,55337.082,65.20935875,1,267.9775289,3.695520067
1155,1747.95,59834.742,1767.2307,56636.176,65.20935875,1,267.9775289,3.695520067
1156,1735.5499,63554.44,1760.8243,57635.164,65.20935875,1,267.9775289,3.695520067
1157,1757.2,62969.117,1757.1969,58994.785,65.20935875,1,267.9775289,3.695520067
1158,1774.45,63252.63,1741.6227,57968.312,65.20935875,1,327.5314,1.847760033
1159,1774.5,56251.48,1757.6487,59048.91,65.20935875,1,327.5314,1.847760033
1160,1777.85,55703.14,1770.3425,59037.227,65.20935875,1,327.5314,1.847760033
1161,1798.2,56507.91,1779.018,56922.336,65.20935875,1,357.1084913,0.923880017
1162,1787.75,53808.8,1790.947,56442.184,65.20935875,1,357.1084913,0.923880017
1163,1781.8,51731.707,1796.264,55491.945,65.20935875,1,357.1084913,0.923880017
1164,1773.35,49075.58,1796.5013,53213.793,65.20935875,1,357.1084913,0.923880017
1165,1784.15,54056.64,1796.5876,51747.57,65.20935875,1,357.1084913,0.923880017
1166,1772.2,55071.46,1793.1769,50837.938,65.20935875,1,357.1084913,0.923880017
1167,1762.6499,54884.098,1789.9031,52340.746,65.20935875,1,357.1084913,0.923880017
1168,1767.65,53584.15,1788.3812,53353.516,65.20935875,1,357.1084913,0.923880017
1169,1797.75,57213.33,1784.3512,55827.2,65.20935875,1,357.1084913,0.923880017
1170,1782.2499,53241.72,1778.9464,56107.97,65.20935875,1,357.1084913,0.923880017
1171,1813.15,57473.23,1790.1023,56675.73,65.20935875,1,357.1084913,0.923880017
1172,1836.5499,56428.16,1792.2761,55715.42,65.20935875,1,357.1084913,0.923880017
1173,1840.45,58280.727,1801.901,56592.977,65.20935875,1,357.1084913,0.923880017
1174,1829.1,55883.5,1820.5742,56985.656,65.20935875,1,178.5542456,6.381581788
1175,1830.7,56750,1831.3777,57612.684,65.20935875,1,178.5542456,6.381581788
1176,1821.7999,49007.09,1832.8029,56901.355,65.20935875,1,178.5542456,6.381581788
1177,1838.1,49702.27,1840.7681,56584.914,65.20935875,1,178.5542456,6.381581788
1178,1853.7,46441.637,1824.6826,51645.586,65.20935875,1,178.5542456,6.381581788
1179,1866.7499,43596.24,1840.1067,49513.895,65.20935875,1,265.2535186,3.190790894
1180,1888.45,42912.188,1846.4939,49057.297,65.20935875,1,265.2535186,3.190790894
1181,1878.2999,36964.27,1860.4352,47228.324,65.20935875,1,265.2535186,3.190790894
1182,1875.9,40784.32,1873.1643,44506.92,65.20935875,1,265.2535186,3.190790894
1183,1880.1499,34754.54,1862.2607,41464.16,65.20935875,1,265.2535186,3.190790894
1184,1887,38728.59,1875.2832,40784.34,65.20935875,1,265.2535186,3.190790894
1185,1899.7499,38410.5,1877.55,39502.54,65.20935875,1,265.2535186,3.190790894
1186,1891.4498,39266.04,1881.5895,38702.69,65.20935875,1,265.2535186,3.190790894
1187,1899.95,38445.29,1884.3071,39662.14,65.20935875,1,265.2535186,3.190790894
1188,1899.35,37310.543,1889.3665,37124.395,65.20935875,1,265.2535186,3.190790894
1189,1902.75,36662.64,1885.9594,35121.73,65.20935875,1,265.2535186,3.190790894
1190,1866.5499,37585.242,1891.4546,38189.31,65.20935875,1,132.6267593,10.02768464
1191,1890.6001,39188.59,1897.6656,38360.426,65.20935875,1,132.6267593,10.02768464
1192,1888.3999,35816.17,1878.6613,39269.316,65.20935875,1,132.6267593,10.02768464
1193,1893.1499,33514.867,1880.872,37902.25,65.20935875,1,132.6267593,10.02768464
1194,1894.6,33450.19,1882.8243,38703.875,65.20935875,1,132.6267593,10.02768464
1195,1888.65,37338.36,1882.4445,36585.543,65.20935875,1,132.6267593,10.02768464
1196,1881.05,36704.57,1888.0643,35355.75,65.20935875,1,132.6267593,10.02768464
1197,1865.6,39066.82,1886.6929,40651.133,65.20935875,1,132.6267593,10.02768464
1198,1865.1,40525.8,1881.3634,37507.523,65.20935875,1,132.6267593,10.02768464
1199,1860.75,40188.56,1875.9518,39578.99,65.20935875,1,132.6267593,10.02768464
1200,1778.7,38324.87,1868.1008,40829.547,65.20935875,1,132.6267593,10.02768464
1201,1773.1,38068.043,1866.8475,42282.164,65.20935875,1,132.6267593,10.02768464
1202,1775.0499,35592.35,1827.0271,38882.664,65.20935875,1,132.6267593,10.02768464
1203,1775.0499,31686.55,1819.055,38392.953,65.20935875,1,132.6267593,10.02768464
1204,1791.6,32447.588,1802.9927,36855.504,65.20935875,1,132.6267593,10.02768464
1205,1784.85,33674.66,1795.6483,36003.16,65.20935875,1,132.6267593,10.02768464
1206,1786.65,34639.38,1797.6025,35668.04,65.20935875,1,132.6267593,10.02768464
1207,1780.2999,34644.45,1793.7449,34206.164,65.20935875,1,132.6267593,10.02768464
1208,1755.45,34456.668,1797.4053,34023.74,65.20935875,1,66.31337966,13.3660103
1209,1763.15,35847.7,1794.5634,34960.71,65.20935875,1,66.31337966,13.3660103
1210,1781.5,35047.36,1790.2863,35753.117,65.20935875,1,66.31337966,13.3660103
1211,1786.15,33536.88,1775.0308,36923.785,65.20935875,1,66.31337966,13.3660103
1212,1791.35,35309.3,1787.0742,34843.59,65.20935875,1,66.31337966,13.3660103
1213,1809.85,33747.97,1791.3884,35171.1,65.20935875,1,66.31337966,13.3660103
1214,1804.6499,34211.01,1794.1134,35661.883,65.20935875,1,66.31337966,13.3660103
1215,1807.7,33839.04,1803.9674,36171.773,65.20935875,1,66.31337966,13.3660103
1216,1806,32877.41,1807.8899,34471.99,65.20935875,1,66.31337966,13.3660103
1217,1792.4,34227.64,1815.5029,34858.957,65.20935875,1,66.31337966,13.3660103
1218,1813.85,33158.25,1816.7977,35295.29,65.20935875,1,66.31337966,13.3660103
1219,1823.2,32686.559,1804.6295,35574.586,65.20935875,1,66.31337966,13.3660103
1220,1823.75,32814.61,1818.7667,35140.62,65.20935875,1,66.31337966,13.3660103
1221,1824.3,31738.59,1824.0088,35545.164,65.20935875,1,66.31337966,13.3660103
1222,1814.9,31783.49,1823.7065,33099.74,65.20935875,1,66.31337966,13.3660103
1223,1823.0499,30815.94,1831.1508,33546.47,65.20935875,1,66.31337966,13.3660103
1224,1802.15,29790.24,1827.9365,33076.832,65.20935875,1,66.31337966,13.3660103
1225,1799.45,32118.06,1828.2458,32496.277,65.20935875,1,66.31337966,13.3660103
1226,1799.6,32297.889,1825.8536,32063.834,65.20935875,1,66.31337966,13.3660103
1227,1800.2,35365.2,1813.6714,34004.305,65.20935875,1,66.31337966,13.3660103
1228,1800.35,37318.14,1809.8236,35103.605,65.20935875,1,66.31337966,13.3660103
1229,1796.6,39405.95,1805.7269,36348.47,65.20935875,1,66.31337966,13.3660103
1230,1829.2999,40002.527,1815.3282,36989.055,65.20935875,1,66.31337966,13.3660103
1231,1825.75,40005.93,1809.8921,37598.816,65.20935875,1,66.31337966,13.3660103
1232,1811.45,40000.46,1819.3236,42318.76,65.20935875,1,66.31337966,13.3660103
1233,1812.65,39193.938,1824.7587,42797.777,65.20935875,1,66.31337966,13.3660103
1234,1829.1,38138,1820.5753,42124.734,65.20935875,1,66.31337966,13.3660103
1235,1800.75,39750.137,1822.0342,42097.086,65.20935875,1,66.31337966,13.3660103
1236,1762.9,40882,1828.3156,42539.816,65.20935875,1,66.31337966,13.3660103
1237,1738.85,43816.14,1822.15,42683.76,65.20935875,1,66.31337966,13.3660103
1238,1723.35,46333.457,1804.268,44697.42,65.20935875,1,66.31337966,13.3660103
1239,1743.6,45608.37,1775.8013,45060.023,65.20935875,1,66.31337966,13.3660103
1240,1747.3999,45611.46,1756.7482,45730.082,65.20935875,1,66.31337966,13.3660103
1241,1773.85,44417.78,1752.4607,46599.5,65.20935875,1,66.31337966,13.3660103
1242,1786.35,47056.41,1758.5011,47171.777,65.20935875,1,66.31337966,13.3660103
1243,1789.4501,45982.547,1771.0608,47482.695,65.20935875,1,66.31337966,13.3660103
1244,1783.45,44648.57,1781.8071,47832.004,65.20935875,1,66.31337966,13.3660103
1245,1782.0499,44777.86,1791.3759,46766.02,65.20935875,1,66.31337966,13.3660103
1246,1779.0499,46734.65,1792.4344,47052.27,65.20935875,1,66.31337966,13.3660103
1247,1802,49335.68,1798.6505,48479.906,65.20935875,1,66.31337966,13.3660103
1248,1808.45,49523.5,1790.8002,48756.824,65.20935875,1,66.31337966,13.3660103
1249,1788.7,47744.58,1805.8673,49612.484,65.20935875,1,66.31337966,13.3660103
1250,1786.6,48972.09,1809.9402,49792.49,65.20935875,1,66.31337966,13.3660103
1251,1798.5,46962.8,1808.6204,49185.543,65.20935875,1,66.31337966,13.3660103
1252,1814.85,47074.77,1798.1819,48525.637,65.20935875,1,240.7883262,6.68300515
1253,1811.7999,47155.87,1802.1455,49202.344,65.20935875,1,240.7883262,6.68300515
1254,1812.55,48862.76,1804.1344,48840.64,65.20935875,1,240.7883262,6.68300515
1255,1823.7001,49329.01,1813.9437,48334.4,65.20935875,1,240.7883262,6.68300515
1256,1821.6,51769.06,1819.8832,49704.37,65.20935875,1,240.7883262,6.68300515
1257,1802.15,52677.4,1822.2815,50213.95,65.20935875,1,240.7883262,6.68300515
1258,1786,46809.168,1821.2153,50958.65,65.20935875,1,240.7883262,6.68300515
1259,1788.25,46078.38,1819.2572,51443.188,65.20935875,1,240.7883262,6.68300515
